Operation,Allocator,Memory usage,Memory size,Block 1 ratio,Average (us),Low 95th (us),High 95th (us),Std dev (us)
Allocate,Bitmap Allocator (First Fit),25,33554432,0,78.145108,87.966,69.349,5.8063512
Allocate,Bitmap Allocator (First Fit),50,33554432,0,85.382336,97.555,70.621,8.423979
Allocate,Bitmap Allocator (First Fit),75,33554432,0,90.602548,108.131,72.976,10.686424
Free,Bitmap Allocator (First Fit),,33554432,0,31.73808,32.733,31.208,0.53248078
Allocate,Bitmap Allocator (Next Fit),25,33554432,0,46.724288,57.508,39.855,5.970143
Allocate,Bitmap Allocator (Next Fit),50,33554432,0,46.603848,64.426,39.415,8.1511216
Allocate,Bitmap Allocator (Next Fit),75,33554432,0,78.854416,125.521,49.776,26.86997
Free,Bitmap Allocator (Next Fit),,33554432,0,31.790772,32.774,31.327,0.50682047
Allocate,Bitmap Allocator (Best Fit),25,33554432,0,165.60716,179.569,153.957,7.7221533
Allocate,Bitmap Allocator (Best Fit),50,33554432,0,197.54397,216.297,180.519,11.619896
Allocate,Bitmap Allocator (Best Fit),75,33554432,0,214.4328,238.929,191.349,15.518824
Free,Bitmap Allocator (Best Fit),,33554432,0,31.888548,33.005,31.207,0.62224108
Allocate,Bitmap Allocator (Worst Fit),25,33554432,0,245.44285,267.563,223.972,13.229542
Allocate,Bitmap Allocator (Worst Fit),50,33554432,0,281.9223,327.595,234.64,30.138786
Allocate,Bitmap Allocator (Worst Fit),75,33554432,0,278.33978,325.961,245.675,24.499197
Free,Bitmap Allocator (Worst Fit),,33554432,0,31.553464,32.201,31.056,0.51753248
Allocate,Buddy Allocator,25,33554432,0,37.213604,39.014,35.653,1.0801984
Allocate,Buddy Allocator,50,33554432,0,39.004228,41.147,37.01,1.2876508
Allocate,Buddy Allocator,75,33554432,0,39.413996,42.211,37.248,1.6355864
Free,Buddy Allocator,,33554432,0,37.843,39.508,36.65,0.88008086
Allocate,Linked List Allocator (First Fit),25,33554432,0,50.77866,53.624,48.214,1.626032
Allocate,Linked List Allocator (First Fit),50,33554432,0,60.880912,64.264,57.418,3.632215
Allocate,Linked List Allocator (First Fit),75,33554432,0,68.80406,73.428,64.555,2.7815431
Free,Linked List Allocator (First Fit),,33554432,0,31.183524,32.214,30.589,0.56063655
Allocate,Linked List Allocator (Next Fit),25,33554432,0,31.146088,33.206,29.602,1.1504811
Allocate,Linked List Allocator (Next Fit),50,33554432,0,31.557996,33.679,29.921,1.1449371
Allocate,Linked List Allocator (Next Fit),75,33554432,0,33.782092,36.451,31.53,1.4468586
Free,Linked List Allocator (Next Fit),,33554432,0,31.415608,32.652,30.744,0.65736409
Allocate,Linked List Allocator (Best Fit),25,33554432,0,74.326268,79.116,70.227,2.9403248
Allocate,Linked List Allocator (Best Fit),50,33554432,0,91.028616,98.418,85.434,4.3725158
Allocate,Linked List Allocator (Best Fit),75,33554432,0,108.8944,118.802,102.443,5.3463774
Free,Linked List Allocator (Best Fit),,33554432,0,31.451492,32.674,30.817,0.63742603
Allocate,Linked List Allocator (Worst Fit),25,33554432,0,76.769692,82.113,71.35,3.4375072
Allocate,Linked List Allocator (Worst Fit),50,33554432,0,100.85748,109.43,93.244,5.066819
Allocate,Linked List Allocator (Worst Fit),75,33554432,0,122.78956,134.173,114.051,6.6086404
Free,Linked List Allocator (Worst Fit),,33554432,0,31.30136,32.51,30.596,0.69671975
Allocate,BST Allocator,25,33554432,0,70.207516,75.949,64.87,3.2374366
Allocate,BST Allocator,50,33554432,0,97.249636,107.203,87.534,6.1643756
Allocate,BST Allocator,75,33554432,0,125.53819,140.527,111.369,8.5867166
Free,BST Allocator,,33554432,0,31.873084,32.938,31.058,0.70092388
Allocate,BBST Allocator,25,33554432,0,98.476096,105.119,91.882,4.1348593
Allocate,BBST Allocator,50,33554432,0,125.53653,134.095,117.45,5.4156526
Allocate,BBST Allocator,75,33554432,0,148.1066,158.866,138.191,6.4187359
Free,BBST Allocator,,33554432,0,35.982452,37.026,35.167,0.66643044
Allocate,Dual BBST Allocator,25,33554432,0,49.771896,51.735,47.801,1.1701982
Allocate,Dual BBST Allocator,50,33554432,0,51.244396,53.72,48.871,1.5174199
Allocate,Dual BBST Allocator,75,33554432,0,51.622256,54.682,49.161,1.6738967
Free,Dual BBST Allocator,,33554432,0,40.235212,41.768,39.222,0.90969706
Allocate,Bitmap Allocator (First Fit),25,33554432,25,61.913744,70.17,53.651,4.8947131
Allocate,Bitmap Allocator (First Fit),50,33554432,25,68.468416,80.206,56.991,7.0619439
Allocate,Bitmap Allocator (First Fit),75,33554432,25,71.120884,85.35,59.065,7.9218639
Free,Bitmap Allocator (First Fit),,33554432,25,32.282604,32.916,30.998,4.4895309
Allocate,Bitmap Allocator (Next Fit),25,33554432,25,43.669988,55.203,37.03,6.0353785
Allocate,Bitmap Allocator (Next Fit),50,33554432,25,42.947224,55.57,36.903,7.1563596
Allocate,Bitmap Allocator (Next Fit),75,33554432,25,61.273444,103.328,42.863,19.290666
Free,Bitmap Allocator (Next Fit),,33554432,25,31.06672,32.16,30.445,0.56276318
Allocate,Bitmap Allocator (Best Fit),25,33554432,25,145.70505,159.723,131.373,8.080472
Allocate,Bitmap Allocator (Best Fit),50,33554432,25,171.54054,192.197,153.573,12.459919
Allocate,Bitmap Allocator (Best Fit),75,33554432,25,182.64439,208.363,157.201,15.628137
Free,Bitmap Allocator (Best Fit),,33554432,25,31.741892,33.272,31.019,1.1314339
Allocate,Bitmap Allocator (Worst Fit),25,33554432,25,307.45709,354.598,258.183,30.763398
Allocate,Bitmap Allocator (Worst Fit),50,33554432,25,371.5562,421.254,326.837,30.245518
Allocate,Bitmap Allocator (Worst Fit),75,33554432,25,391.6126,460.392,337.74,38.653291
Free,Bitmap Allocator (Worst Fit),,33554432,25,31.477644,32.409,30.827,0.54654245
Allocate,Buddy Allocator,25,33554432,25,42.275032,45.822,39.608,1.8675213
Allocate,Buddy Allocator,50,33554432,25,46.143188,49.934,42.724,2.1828637
Allocate,Buddy Allocator,75,33554432,25,46.832992,50.603,43.366,2.1262521
Free,Buddy Allocator,,33554432,25,36.545052,37.723,35.494,1.2254784
Allocate,Linked List Allocator (First Fit),25,33554432,25,51.7897,55.755,48.416,2.1801721
Allocate,Linked List Allocator (First Fit),50,33554432,25,62.439644,68.102,58.214,2.9517969
Allocate,Linked List Allocator (First Fit),75,33554432,25,72.183856,78.565,65.924,3.8665975
Free,Linked List Allocator (First Fit),,33554432,25,31.3601,32.526,30.661,0.63516936
Allocate,Linked List Allocator (Next Fit),25,33554432,25,31.458112,33.476,29.826,1.1395148
Allocate,Linked List Allocator (Next Fit),50,33554432,25,32.097448,34.406,30.193,1.2373711
Allocate,Linked List Allocator (Next Fit),75,33554432,25,33.137,36.379,30.965,1.6275628
Free,Linked List Allocator (Next Fit),,33554432,25,31.463648,32.799,30.749,0.72415626
Allocate,Linked List Allocator (Best Fit),25,33554432,25,78.406848,84.064,73.735,3.3281544
Allocate,Linked List Allocator (Best Fit),50,33554432,25,101.91649,112.153,94.295,6.1976659
Allocate,Linked List Allocator (Best Fit),75,33554432,25,125.69791,138.434,115.78,7.3042024
Free,Linked List Allocator (Best Fit),,33554432,25,31.269084,32.71,30.54,0.68028546
Allocate,Linked List Allocator (Worst Fit),25,33554432,25,82.489592,88.609,76.151,3.8569542
Allocate,Linked List Allocator (Worst Fit),50,33554432,25,110.62652,122.016,101.038,6.0733997
Allocate,Linked List Allocator (Worst Fit),75,33554432,25,138.45931,152.27,125.31,8.249493
Free,Linked List Allocator (Worst Fit),,33554432,25,31.093296,32.608,30.238,0.8051639
Allocate,BST Allocator,25,33554432,25,70.062948,77.862,63.178,4.5079995
Allocate,BST Allocator,50,33554432,25,101.91886,116.825,90.3,8.2359232
Allocate,BST Allocator,75,33554432,25,136.33789,157.121,117.369,12.410889
Free,BST Allocator,,33554432,25,32.270532,33.541,31.497,0.76567557
Allocate,BBST Allocator,25,33554432,25,97.067868,106.292,88.583,5.0509266
Allocate,BBST Allocator,50,33554432,25,126.47345,137.91,115.079,6.8353792
Allocate,BBST Allocator,75,33554432,25,151.1942,165.238,137.729,8.4477596
Free,BBST Allocator,,33554432,25,35.716036,37.039,34.814,0.72116955
Allocate,Dual BBST Allocator,25,33554432,25,47.808388,50.174,45.834,1.324696
Allocate,Dual BBST Allocator,50,33554432,25,48.964748,51.792,46.619,1.6744644
Allocate,Dual BBST Allocator,75,33554432,25,49.61412,53.088,46.963,1.81654
Free,Dual BBST Allocator,,33554432,25,40.393256,42.253,39.272,0.88672383
Allocate,Bitmap Allocator (First Fit),25,33554432,50,49.232964,56.93,43.359,4.0006692
Allocate,Bitmap Allocator (First Fit),50,33554432,50,51.750268,61.732,43.752,5.8071268
Allocate,Bitmap Allocator (First Fit),75,33554432,50,55.20318,66.578,44.248,6.9453987
Free,Bitmap Allocator (First Fit),,33554432,50,29.157328,29.899,28.632,0.57158485
Allocate,Bitmap Allocator (Next Fit),25,33554432,50,38.52968,48.693,32.889,5.6468959
Allocate,Bitmap Allocator (Next Fit),50,33554432,50,38.178776,52.646,32.808,6.826144
Allocate,Bitmap Allocator (Next Fit),75,33554432,50,42.990376,63.365,32.892,9.6393516
Free,Bitmap Allocator (Next Fit),,33554432,50,29.253472,31.834,28.451,1.2830187
Allocate,Bitmap Allocator (Best Fit),25,33554432,50,134.81349,151.057,120.988,9.3003648
Allocate,Bitmap Allocator (Best Fit),50,33554432,50,155.49129,184.096,133.545,17.295124
Allocate,Bitmap Allocator (Best Fit),75,33554432,50,169.55548,200.598,141.544,19.385899
Free,Bitmap Allocator (Best Fit),,33554432,50,29.886008,31.61,29.008,1.2487025
Allocate,Bitmap Allocator (Worst Fit),25,33554432,50,214.8521,237.95,193.886,14.094297
Allocate,Bitmap Allocator (Worst Fit),50,33554432,50,388.74371,447.981,336.641,35.301558
Allocate,Bitmap Allocator (Worst Fit),75,33554432,50,389.93046,451.127,326.01,37.211353
Free,Bitmap Allocator (Worst Fit),,33554432,50,29.820664,32.55,28.924,1.1863969
Allocate,Buddy Allocator,25,33554432,50,42.452704,46.862,38.457,2.6122341
Allocate,Buddy Allocator,50,33554432,50,48.218636,52.81,44.309,2.6931851
Allocate,Buddy Allocator,75,33554432,50,49.191212,53.448,44.748,3.3651059
Free,Buddy Allocator,,33554432,50,34.193232,37.65,32.843,1.5608264
Allocate,Linked List Allocator (First Fit),25,33554432,50,49.863456,54.943,46.077,2.7250996
Allocate,Linked List Allocator (First Fit),50,33554432,50,62.2324,68.877,56.093,3.7934102
Allocate,Linked List Allocator (First Fit),75,33554432,50,76.866624,86.439,69.116,8.2553515
Free,Linked List Allocator (First Fit),,33554432,50,32.378488,40.283,31.057,2.4760972
Allocate,Linked List Allocator (Next Fit),25,33554432,50,32.878964,42.032,30.522,2.9336029
Allocate,Linked List Allocator (Next Fit),50,33554432,50,32.6045,34.801,30.724,1.4930984
Allocate,Linked List Allocator (Next Fit),75,33554432,50,31.749956,35.023,29.384,2.0140864
Free,Linked List Allocator (Next Fit),,33554432,50,30.936044,33.712,29.826,1.2645267
Allocate,Linked List Allocator (Best Fit),25,33554432,50,82.799536,94.905,75.706,5.7677595
Allocate,Linked List Allocator (Best Fit),50,33554432,50,114.79478,128.521,104.993,7.3227452
Allocate,Linked List Allocator (Best Fit),75,33554432,50,146.9284,161.493,135.388,8.4377925
Free,Linked List Allocator (Best Fit),,33554432,50,29.893436,31.419,28.983,1.0482709
Allocate,Linked List Allocator (Worst Fit),25,33554432,50,85.865668,96.523,76.922,5.8547482
Allocate,Linked List Allocator (Worst Fit),50,33554432,50,119.97504,131.827,108.913,7.6925546
Allocate,Linked List Allocator (Worst Fit),75,33554432,50,163.62497,184.559,145.036,15.637793
Free,Linked List Allocator (Worst Fit),,33554432,50,31.61382,33.084,30.796,0.72720044
Allocate,BST Allocator,25,33554432,50,73.642392,84.596,64.373,8.5268104
Allocate,BST Allocator,50,33554432,50,116.78566,137.041,98.523,11.74881
Allocate,BST Allocator,75,33554432,50,168.23644,197.107,144.245,16.269454
Free,BST Allocator,,33554432,50,32.304508,33.542,31.541,0.61105809
Allocate,BBST Allocator,25,33554432,50,98.01746,108.198,88.141,5.9883216
Allocate,BBST Allocator,50,33554432,50,129.0103,143.73,113.936,15.365168
Allocate,BBST Allocator,75,33554432,50,160.5145,177.635,142.135,11.14294
Free,BBST Allocator,,33554432,50,34.7155,36.651,33.761,0.94494759
Allocate,Dual BBST Allocator,25,33554432,50,43.514768,45.898,41.362,1.3954621
Allocate,Dual BBST Allocator,50,33554432,50,44.671812,47.656,42.322,1.7082824
Allocate,Dual BBST Allocator,75,33554432,50,45.308616,48.634,42.514,1.8144241
Free,Dual BBST Allocator,,33554432,50,38.935528,40.49,37.909,0.96062248
Allocate,Bitmap Allocator (First Fit),25,33554432,75,39.81866,45.434,35.25,3.0662976
Allocate,Bitmap Allocator (First Fit),50,33554432,75,41.244752,48.259,35.957,4.0588211
Allocate,Bitmap Allocator (First Fit),75,33554432,75,42.380064,52.655,35.415,5.3810495
Free,Bitmap Allocator (First Fit),,33554432,75,29.732388,31.26,28.994,0.66417999
Allocate,Bitmap Allocator (Next Fit),25,33554432,75,34.878624,42.562,31.465,3.6510162
Allocate,Bitmap Allocator (Next Fit),50,33554432,75,36.328876,48.425,31.484,6.7396793
Allocate,Bitmap Allocator (Next Fit),75,33554432,75,35.832108,54.609,31.744,6.7782766
Free,Bitmap Allocator (Next Fit),,33554432,75,29.819952,30.594,29.214,0.50831124
Allocate,Bitmap Allocator (Best Fit),25,33554432,75,129.60066,151.068,108.854,12.593644
Allocate,Bitmap Allocator (Best Fit),50,33554432,75,145.80704,181.094,116.904,19.760114
Allocate,Bitmap Allocator (Best Fit),75,33554432,75,159.95394,194.573,127.38,21.822792
Free,Bitmap Allocator (Best Fit),,33554432,75,30.200712,31.41,29.635,0.54302659
Allocate,Bitmap Allocator (Worst Fit),25,33554432,75,207.57107,233.46,183.6,15.856026
Allocate,Bitmap Allocator (Worst Fit),50,33554432,75,247.78688,287.915,213.629,22.778288
Allocate,Bitmap Allocator (Worst Fit),75,33554432,75,409.77156,496.193,335.371,46.899343
Free,Bitmap Allocator (Worst Fit),,33554432,75,29.469548,30.468,28.951,0.54458989
Allocate,Buddy Allocator,25,33554432,75,43.080408,46.954,39.561,2.238642
Allocate,Buddy Allocator,50,33554432,75,49.191872,53.76,45.452,2.5891437
Allocate,Buddy Allocator,75,33554432,75,49.679004,57.33,43.743,8.0605113
Free,Buddy Allocator,,33554432,75,33.64388,34.852,32.852,0.67662373
Allocate,Linked List Allocator (First Fit),25,33554432,75,53.229224,58.802,48.269,3.1042349
Allocate,Linked List Allocator (First Fit),50,33554432,75,73.211984,83.306,64.136,5.8535701
Allocate,Linked List Allocator (First Fit),75,33554432,75,93.75804,104.866,81.934,7.3098044
Free,Linked List Allocator (First Fit),,33554432,75,31.21242,32.328,30.561,0.61252999
Allocate,Linked List Allocator (Next Fit),25,33554432,75,31.292572,33.372,29.699,1.1178879
Allocate,Linked List Allocator (Next Fit),50,33554432,75,31.500924,33.923,29.797,1.1486858
Allocate,Linked List Allocator (Next Fit),75,33554432,75,32.286828,34.982,30.324,1.4368421
Free,Linked List Allocator (Next Fit),,33554432,75,31.214236,32.33,30.57,0.54693186
Allocate,Linked List Allocator (Best Fit),25,33554432,75,103.19544,116.314,91.092,7.7032543
Allocate,Linked List Allocator (Best Fit),50,33554432,75,162.4913,180.141,145.476,10.646977
Allocate,Linked List Allocator (Best Fit),75,33554432,75,217.23498,243.357,197.696,13.316451
Free,Linked List Allocator (Best Fit),,33554432,75,31.004808,32.233,30.293,0.6748818
Allocate,Linked List Allocator (Worst Fit),25,33554432,75,105.17601,119.443,93.018,7.9613684
Allocate,Linked List Allocator (Worst Fit),50,33554432,75,159.33684,176.952,143.523,10.325286
Allocate,Linked List Allocator (Worst Fit),75,33554432,75,208.89336,234.245,188.232,16.316507
Free,Linked List Allocator (Worst Fit),,33554432,75,30.764452,33.405,29.676,1.1639936
Allocate,BST Allocator,25,33554432,75,85.740984,102.977,71.216,10.306724
Allocate,BST Allocator,50,33554432,75,156.7618,191.749,125.13,19.761242
Allocate,BST Allocator,75,33554432,75,228.72158,267.691,191.28,26.121965
Free,BST Allocator,,33554432,75,31.560608,32.843,30.735,0.62644996
Allocate,BBST Allocator,25,33554432,75,100.63632,113.852,88.47,7.8953406
Allocate,BBST Allocator,50,33554432,75,151.14303,176.804,128.635,14.176929
Allocate,BBST Allocator,75,33554432,75,201.4527,228.138,173.675,17.815062
Free,BBST Allocator,,33554432,75,35.206364,38.826,33.814,2.2486667
Allocate,Dual BBST Allocator,25,33554432,75,43.25694,56.565,38.475,6.3943783
Allocate,Dual BBST Allocator,50,33554432,75,40.750868,44.045,38.443,1.6295723
Allocate,Dual BBST Allocator,75,33554432,75,41.96352,45.215,39.272,1.999081
Free,Dual BBST Allocator,,33554432,75,38.813656,40.508,37.801,0.82754918
Allocate,Bitmap Allocator (First Fit),25,33554432,100,30.727156,32.238,29.236,5.4370753
Allocate,Bitmap Allocator (First Fit),50,33554432,100,30.327532,31.778,29.545,0.75869208
Allocate,Bitmap Allocator (First Fit),75,33554432,100,30.450272,31.842,29.617,0.75912237
Free,Bitmap Allocator (First Fit),,33554432,100,29.400316,30.483,28.909,0.59044438
Allocate,Bitmap Allocator (Next Fit),25,33554432,100,30.27442,31.232,29.565,1.3021356
Allocate,Bitmap Allocator (Next Fit),50,33554432,100,30.461848,31.259,29.656,2.2261361
Allocate,Bitmap Allocator (Next Fit),75,33554432,100,30.605088,31.719,29.56,3.0823802
Free,Bitmap Allocator (Next Fit),,33554432,100,29.477956,30.627,29.002,0.52573066
Allocate,Bitmap Allocator (Best Fit),25,33554432,100,77.368284,119.265,62.207,18.518092
Allocate,Bitmap Allocator (Best Fit),50,33554432,100,76.431124,115.38,61.835,20.439512
Allocate,Bitmap Allocator (Best Fit),75,33554432,100,79.25508,133.931,60.991,27.083956
Free,Bitmap Allocator (Best Fit),,33554432,100,29.100044,30.062,28.526,0.50063255
Allocate,Bitmap Allocator (Worst Fit),25,33554432,100,156.16648,186.455,141.021,13.701712
Allocate,Bitmap Allocator (Worst Fit),50,33554432,100,174.48909,204.545,155.488,17.3004
Allocate,Bitmap Allocator (Worst Fit),75,33554432,100,186.00328,235.944,162.318,24.548373
Free,Bitmap Allocator (Worst Fit),,33554432,100,29.430564,30.816,28.804,0.6251778
Allocate,Buddy Allocator,25,33554432,100,37.998444,40.192,36.195,1.2664179
Allocate,Buddy Allocator,50,33554432,100,44.785068,47.499,41.59,1.77734
Allocate,Buddy Allocator,75,33554432,100,51.5838,55.516,46.668,2.8609509
Free,Buddy Allocator,,33554432,100,32.637356,34.165,31.932,0.67524719
Allocate,Linked List Allocator (First Fit),25,33554432,100,123.1939,145.362,99.938,13.886961
Allocate,Linked List Allocator (First Fit),50,33554432,100,227.21063,266.61,180.868,26.219043
Allocate,Linked List Allocator (First Fit),75,33554432,100,330.58516,386.626,256.194,41.466877
Free,Linked List Allocator (First Fit),,33554432,100,31.218336,32.6,30.415,0.75262835
Allocate,Linked List Allocator (Next Fit),25,33554432,100,31.627928,33.808,29.717,1.3727709
Allocate,Linked List Allocator (Next Fit),50,33554432,100,32.362348,35.332,30.784,1.5236743
Allocate,Linked List Allocator (Next Fit),75,33554432,100,33.24142,36.869,31.418,2.8336407
Free,Linked List Allocator (Next Fit),,33554432,100,31.153,32.236,30.568,0.61781972
Allocate,Linked List Allocator (Best Fit),25,33554432,100,271.68928,296.023,245.52,14.819806
Allocate,Linked List Allocator (Best Fit),50,33554432,100,496.81197,535.758,465.027,21.882357
Allocate,Linked List Allocator (Best Fit),75,33554432,100,713.22566,769.26,661.594,48.516929
Free,Linked List Allocator (Best Fit),,33554432,100,30.188356,32.293,29.01,1.1177927
Allocate,Linked List Allocator (Worst Fit),25,33554432,100,258.28745,282.082,233.807,14.6778
Allocate,Linked List Allocator (Worst Fit),50,33554432,100,478.29268,518.573,447.633,21.466753
Allocate,Linked List Allocator (Worst Fit),75,33554432,100,695.36309,741.245,654.537,26.106877
Free,Linked List Allocator (Worst Fit),,33554432,100,30.563768,32.974,29.396,1.2398289
Allocate,BST Allocator,25,33554432,100,245.55252,293.058,194.973,30.701107
Allocate,BST Allocator,50,33554432,100,504.73806,585.568,412.659,57.008403
Allocate,BST Allocator,75,33554432,100,749.78794,866.051,578.645,88.974512
Free,BST Allocator,,33554432,100,31.976852,33.109,31.292,0.65940457
Allocate,BBST Allocator,25,33554432,100,291.69346,351.544,224.312,40.496054
Allocate,BBST Allocator,50,33554432,100,570.85143,679.737,448.463,71.56296
Allocate,BBST Allocator,75,33554432,100,848.47711,1000.95,622.806,115.25973
Free,BBST Allocator,,33554432,100,35.161956,36.368,34.362,0.71481783
Allocate,Dual BBST Allocator,25,33554432,100,35.302132,37.171,34.016,1.0973816
Allocate,Dual BBST Allocator,50,33554432,100,35.582848,37.833,34.391,1.1049377
Allocate,Dual BBST Allocator,75,33554432,100,35.560652,37.819,34.309,1.1332162
Free,Dual BBST Allocator,,33554432,100,40.070992,41.73,38.873,0.96380245
Allocate,Bitmap Allocator (First Fit),25,134217728,0,90.89166,108.343,71.516,10.831805
Allocate,Bitmap Allocator (First Fit),50,134217728,0,98.637916,122.03,73.166,16.57552
Allocate,Bitmap Allocator (First Fit),75,134217728,0,104.02164,128.608,76.656,15.518724
Free,Bitmap Allocator (First Fit),,134217728,0,30.291432,31.565,29.71,0.6673657
Allocate,Bitmap Allocator (Next Fit),25,134217728,0,45.149076,68.189,37.79,11.016236
Allocate,Bitmap Allocator (Next Fit),50,134217728,0,44.2221,82.798,37.825,15.094648
Allocate,Bitmap Allocator (Next Fit),75,134217728,0,49.396148,109.838,37.77,23.40589
Free,Bitmap Allocator (Next Fit),,134217728,0,30.238996,31.496,29.691,0.62846943
Allocate,Bitmap Allocator (Best Fit),25,134217728,0,289.72186,320.89,263.535,18.536782
Allocate,Bitmap Allocator (Best Fit),50,134217728,0,305.61731,350.017,272.035,21.750179
Allocate,Bitmap Allocator (Best Fit),75,134217728,0,311.21328,351.655,275.262,23.872366
Free,Bitmap Allocator (Best Fit),,134217728,0,29.973792,30.774,29.394,0.44421291
Allocate,Bitmap Allocator (Worst Fit),25,134217728,0,445.74538,489.252,404.794,25.751542
Allocate,Bitmap Allocator (Worst Fit),50,134217728,0,502.43544,554.341,454.324,31.455202
Allocate,Bitmap Allocator (Worst Fit),75,134217728,0,534.09905,590.68,477.3,37.146317
Free,Bitmap Allocator (Worst Fit),,134217728,0,30.727364,31.902,30.053,0.64566746
Allocate,Buddy Allocator,25,134217728,0,49.781116,57.529,42.961,4.5775887
Allocate,Buddy Allocator,50,134217728,0,55.004484,63.366,47.243,4.9900395
Allocate,Buddy Allocator,75,134217728,0,52.54434,59.96,45.574,4.7174438
Free,Buddy Allocator,,134217728,0,36.559608,38.166,35.357,0.97429565
Allocate,Linked List Allocator (First Fit),25,134217728,0,74.7751,81.374,69.447,3.5432485
Allocate,Linked List Allocator (First Fit),50,134217728,0,106.02127,114.926,97.342,5.688863
Allocate,Linked List Allocator (First Fit),75,134217728,0,135.08076,148.277,124.205,7.5464703
Free,Linked List Allocator (First Fit),,134217728,0,29.881008,30.981,29.169,0.63210381
Allocate,Linked List Allocator (Next Fit),25,134217728,0,31.157404,33.328,29.032,1.3243696
Allocate,Linked List Allocator (Next Fit),50,134217728,0,31.746864,35.152,29.377,1.7651159
Allocate,Linked List Allocator (Next Fit),75,134217728,0,31.463836,33.839,29.378,1.4096148
Free,Linked List Allocator (Next Fit),,134217728,0,30.4806,32.177,29.55,0.89627616
Allocate,Linked List Allocator (Best Fit),25,134217728,0,123.50262,137.43,114.627,6.6897165
Allocate,Linked List Allocator (Best Fit),50,134217728,0,187.83995,202.469,175.679,8.1409788
Allocate,Linked List Allocator (Best Fit),75,134217728,0,249.10322,265.507,234.982,8.647421
Free,Linked List Allocator (Best Fit),,134217728,0,29.540332,30.554,28.777,0.7265183
Allocate,Linked List Allocator (Worst Fit),25,134217728,0,127.72633,137.653,119.012,5.5844909
Allocate,Linked List Allocator (Worst Fit),50,134217728,0,185.91455,199.268,174.822,7.6243001
Allocate,Linked List Allocator (Worst Fit),75,134217728,0,245.47666,265.987,230.886,10.54979
Free,Linked List Allocator (Worst Fit),,134217728,0,30.731624,32.109,29.771,0.80986046
Allocate,BST Allocator,25,134217728,0,151.31181,171.731,134.519,11.111936
Allocate,BST Allocator,50,134217728,0,281.68842,319.317,250.865,20.290684
Allocate,BST Allocator,75,134217728,0,411.5555,460.209,370.765,29.268495
Free,BST Allocator,,134217728,0,30.818072,32.167,30.043,0.68970966
Allocate,BBST Allocator,25,134217728,0,163.07859,174.532,151.554,7.0615915
Allocate,BBST Allocator,50,134217728,0,247.86448,269.474,227.148,18.613977
Allocate,BBST Allocator,75,134217728,0,324.73586,353.843,296.376,18.368802
Free,BBST Allocator,,134217728,0,35.423656,37.203,33.464,4.4544813
Allocate,Dual BBST Allocator,25,134217728,0,52.33818,54.973,49.319,4.5177535
Allocate,Dual BBST Allocator,50,134217728,0,51.853988,56.533,48.367,2.632932
Allocate,Dual BBST Allocator,75,134217728,0,52.149948,55.474,48.367,5.0818595
Free,Dual BBST Allocator,,134217728,0,39.021756,40.52,38.065,0.81230723
Allocate,Bitmap Allocator (First Fit),25,134217728,25,73.412448,90.552,60.281,9.2874949
Allocate,Bitmap Allocator (First Fit),50,134217728,25,82.4864,103.007,59.713,12.979562
Allocate,Bitmap Allocator (First Fit),75,134217728,25,86.745856,112.949,66.4,13.524539
Free,Bitmap Allocator (First Fit),,134217728,25,31.01042,31.903,30.498,0.46241191
Allocate,Bitmap Allocator (Next Fit),25,134217728,25,42.084768,65.323,35.435,10.054548
Allocate,Bitmap Allocator (Next Fit),50,134217728,25,42.662264,83.257,35.337,16.726108
Allocate,Bitmap Allocator (Next Fit),75,134217728,25,41.828332,82.822,35.546,17.271407
Free,Bitmap Allocator (Next Fit),,134217728,25,30.510048,31.228,29.95,0.50026241
Allocate,Bitmap Allocator (Best Fit),25,134217728,25,265.87569,296.037,239.58,17.677384
Allocate,Bitmap Allocator (Best Fit),50,134217728,25,279.49478,315.328,245.1,20.9959
Allocate,Bitmap Allocator (Best Fit),75,134217728,25,284.40057,320.721,249.119,21.47267
Free,Bitmap Allocator (Best Fit),,134217728,25,31.069248,32.02,30.463,0.50916838
Allocate,Bitmap Allocator (Worst Fit),25,134217728,25,416.68928,459.131,374.966,26.475352
Allocate,Bitmap Allocator (Worst Fit),50,134217728,25,459.83325,512.649,408.875,31.540667
Allocate,Bitmap Allocator (Worst Fit),75,134217728,25,485.06805,540.245,430.118,36.44098
Free,Bitmap Allocator (Worst Fit),,134217728,25,30.957096,32.288,30.277,0.66434325
Allocate,Buddy Allocator,25,134217728,25,73.288896,88.199,60.087,8.7923999
Allocate,Buddy Allocator,50,134217728,25,87.56322,104.892,71.422,9.8623071
Allocate,Buddy Allocator,75,134217728,25,76.762448,91.385,62.957,8.7085917
Free,Buddy Allocator,,134217728,25,35.223564,37.99,33.569,1.4279141
Allocate,Linked List Allocator (First Fit),25,134217728,25,77.89986,85.246,71.421,4.446866
Allocate,Linked List Allocator (First Fit),50,134217728,25,115.24846,129.877,104.632,7.5484102
Allocate,Linked List Allocator (First Fit),75,134217728,25,149.01928,167.295,133.613,10.079295
Free,Linked List Allocator (First Fit),,134217728,25,30.366288,33.148,29.394,1.1596424
Allocate,Linked List Allocator (Next Fit),25,134217728,25,31.47996,34.332,28.611,4.3199633
Allocate,Linked List Allocator (Next Fit),50,134217728,25,31.272388,33.804,29.246,1.3289541
Allocate,Linked List Allocator (Next Fit),75,134217728,25,32.93094,37.494,29.642,6.7805166
Free,Linked List Allocator (Next Fit),,134217728,25,30.405028,31.827,29.563,2.0140081
Allocate,Linked List Allocator (Best Fit),25,134217728,25,144.94023,160.531,133.922,7.8208587
Allocate,Linked List Allocator (Best Fit),50,134217728,25,224.80276,241.589,210.387,9.4988944
Allocate,Linked List Allocator (Best Fit),75,134217728,25,307.8981,328.285,288.82,11.895273
Free,Linked List Allocator (Best Fit),,134217728,25,30.683904,32.995,29.35,1.2918421
Allocate,Linked List Allocator (Worst Fit),25,134217728,25,147.96107,163.063,136.627,8.252965
Allocate,Linked List Allocator (Worst Fit),50,134217728,25,223.8141,240.394,208.951,10.323374
Allocate,Linked List Allocator (Worst Fit),75,134217728,25,301.82226,327.314,281.704,12.868607
Free,Linked List Allocator (Worst Fit),,134217728,25,30.892196,33.08,29.943,1.1432552
Allocate,BST Allocator,25,134217728,25,169.62506,196.053,148.084,15.069878
Allocate,BST Allocator,50,134217728,25,325.51095,373.98,285.325,26.607273
Allocate,BST Allocator,75,134217728,25,471.83832,532.666,419.032,36.977593
Free,BST Allocator,,134217728,25,31.068584,33.331,30.049,1.0237767
Allocate,BBST Allocator,25,134217728,25,170.40145,185.961,154.635,9.8515824
Allocate,BBST Allocator,50,134217728,25,267.06875,300.026,242.462,17.184246
Allocate,BBST Allocator,75,134217728,25,358.93376,396.5,324.213,23.380553
Free,BBST Allocator,,134217728,25,34.573484,37.151,33.431,1.1537358
Allocate,Dual BBST Allocator,25,134217728,25,48.554864,52.819,45.584,2.442673
Allocate,Dual BBST Allocator,50,134217728,25,49.376188,53.763,46.012,2.4167131
Allocate,Dual BBST Allocator,75,134217728,25,50.113488,54.194,46.927,2.3452054
Free,Dual BBST Allocator,,134217728,25,38.988736,40.834,37.89,1.0520861
Allocate,Bitmap Allocator (First Fit),25,134217728,50,59.37046,73.141,45.778,8.1952568
Allocate,Bitmap Allocator (First Fit),50,134217728,50,64.992032,83.813,48.658,10.675355
Allocate,Bitmap Allocator (First Fit),75,134217728,50,69.208936,90.168,50.25,12.75646
Free,Bitmap Allocator (First Fit),,134217728,50,30.398732,30.98,29.94,0.43275569
Allocate,Bitmap Allocator (Next Fit),25,134217728,50,39.29568,61.131,33.635,9.496693
Allocate,Bitmap Allocator (Next Fit),50,134217728,50,38.663744,65.619,33.785,11.819936
Allocate,Bitmap Allocator (Next Fit),75,134217728,50,39.02332,74.803,34.04,15.108364
Free,Bitmap Allocator (Next Fit),,134217728,50,30.433228,31.164,29.938,0.44637869
Allocate,Bitmap Allocator (Best Fit),25,134217728,50,256.71837,291.937,231.929,20.138367
Allocate,Bitmap Allocator (Best Fit),50,134217728,50,270.1165,316.549,227.357,27.104016
Allocate,Bitmap Allocator (Best Fit),75,134217728,50,275.33064,320.653,236.383,26.276487
Free,Bitmap Allocator (Best Fit),,134217728,50,31.158332,32.333,30.528,0.60494297
Allocate,Bitmap Allocator (Worst Fit),25,134217728,50,402.73401,452.272,362.053,27.866191
Allocate,Bitmap Allocator (Worst Fit),50,134217728,50,440.81599,505.826,389.604,36.877245
Allocate,Bitmap Allocator (Worst Fit),75,134217728,50,447.8673,514.338,386.151,37.757178
Free,Bitmap Allocator (Worst Fit),,134217728,50,29.45602,30.424,28.835,0.91658134
Allocate,Buddy Allocator,25,134217728,50,82.158608,97.287,68.375,8.6594678
Allocate,Buddy Allocator,50,134217728,50,100.6697,116.68,86.412,10.157146
Allocate,Buddy Allocator,75,134217728,50,73.09004,85.056,62.1,7.2400651
Free,Buddy Allocator,,134217728,50,34.05008,35.567,32.798,0.86415917
Allocate,Linked List Allocator (First Fit),25,134217728,50,86.087588,96.191,76.645,5.9490441
Allocate,Linked List Allocator (First Fit),50,134217728,50,133.70935,152.057,116.827,10.351931
Allocate,Linked List Allocator (First Fit),75,134217728,50,186.53041,208.16,164.104,14.374676
Free,Linked List Allocator (First Fit),,134217728,50,31.581456,32.662,30.865,0.65329658
Allocate,Linked List Allocator (Next Fit),25,134217728,50,34.35562,45.015,30.599,5.1758177
Allocate,Linked List Allocator (Next Fit),50,134217728,50,32.973864,35.692,31.007,1.4541921
Allocate,Linked List Allocator (Next Fit),75,134217728,50,33.316936,36.081,31.116,1.523032
Free,Linked List Allocator (Next Fit),,134217728,50,31.346216,32.842,30.709,0.76637052
Allocate,Linked List Allocator (Best Fit),25,134217728,50,185.0253,200.13,170.838,9.3409131
Allocate,Linked List Allocator (Best Fit),50,134217728,50,306.21524,331.738,286.501,13.815399
Allocate,Linked List Allocator (Best Fit),75,134217728,50,426.03582,456.919,403.172,16.042131
Free,Linked List Allocator (Best Fit),,134217728,50,31.398172,33.17,30.521,0.86875073
Allocate,Linked List Allocator (Worst Fit),25,134217728,50,181.87303,199.066,167.388,9.8886631
Allocate,Linked List Allocator (Worst Fit),50,134217728,50,298.93152,325.4,277.641,15.516311
Allocate,Linked List Allocator (Worst Fit),75,134217728,50,415.66498,449.666,392.649,18.161023
Free,Linked List Allocator (Worst Fit),,134217728,50,31.37086,32.588,30.543,0.72912286
Allocate,BST Allocator,25,134217728,50,216.15152,251.22,183.418,21.605433
Allocate,BST Allocator,50,134217728,50,412.13275,477.997,346.509,38.831344
Allocate,BST Allocator,75,134217728,50,608.03152,694.456,516.977,55.651696
Free,BST Allocator,,134217728,50,32.338636,34.239,31.44,0.86035837
Allocate,BBST Allocator,25,134217728,50,196.04921,219.073,173.088,14.418811
Allocate,BBST Allocator,50,134217728,50,322.76708,366.339,283.401,24.889237
Allocate,BBST Allocator,75,134217728,50,449.87294,503.9,389.924,35.645948
Free,BBST Allocator,,134217728,50,36.007328,37.508,35.007,0.85378712
Allocate,Dual BBST Allocator,25,134217728,50,46.966444,50.627,44.151,1.9986062
Allocate,Dual BBST Allocator,50,134217728,50,48.42704,52.862,44.901,2.4689961
Allocate,Dual BBST Allocator,75,134217728,50,48.609356,53.033,45.12,2.471054
Free,Dual BBST Allocator,,134217728,50,39.54016,41.07,38.345,0.89629869
Allocate,Bitmap Allocator (First Fit),25,134217728,75,44.609352,55.808,37.284,5.7789534
Allocate,Bitmap Allocator (First Fit),50,134217728,75,47.669884,60.675,38.099,7.1994162
Allocate,Bitmap Allocator (First Fit),75,134217728,75,49.989468,65.889,37.532,8.9469715
Free,Bitmap Allocator (First Fit),,134217728,75,30.668968,31.746,29.997,0.64828868
Allocate,Bitmap Allocator (Next Fit),25,134217728,75,36.450728,57.951,32.1,8.1088031
Allocate,Bitmap Allocator (Next Fit),50,134217728,75,35.890776,52.032,32.225,10.252376
Allocate,Bitmap Allocator (Next Fit),75,134217728,75,35.58142,35.798,32.285,11.33444
Free,Bitmap Allocator (Next Fit),,134217728,75,30.208404,30.815,29.635,0.70416647
Allocate,Bitmap Allocator (Best Fit),25,134217728,75,245.43618,290.502,203.269,29.006415
Allocate,Bitmap Allocator (Best Fit),50,134217728,75,258.05062,315.901,210.545,30.934061
Allocate,Bitmap Allocator (Best Fit),75,134217728,75,262.60249,328.182,212.035,35.959584
Free,Bitmap Allocator (Best Fit),,134217728,75,29.981716,30.862,29.473,0.46031672
Allocate,Bitmap Allocator (Worst Fit),25,134217728,75,374.8804,432.92,327.806,33.090571
Allocate,Bitmap Allocator (Worst Fit),50,134217728,75,415.40092,475.072,352.435,41.852014
Allocate,Bitmap Allocator (Worst Fit),75,134217728,75,428.31126,509.877,362.633,46.279221
Free,Bitmap Allocator (Worst Fit),,134217728,75,30.318756,31.157,29.846,0.48743337
Allocate,Buddy Allocator,25,134217728,75,82.32686,99.552,67.902,9.1528467
Allocate,Buddy Allocator,50,134217728,75,104.34352,121.934,89.789,9.8211793
Allocate,Buddy Allocator,75,134217728,75,63.864372,73.335,52.397,14.201092
Free,Buddy Allocator,,134217728,75,34.24502,35.617,33.372,0.7022227
Allocate,Linked List Allocator (First Fit),25,134217728,75,114.19034,128.672,100.919,9.0895557
Allocate,Linked List Allocator (First Fit),50,134217728,75,187.16558,223.229,159.163,18.688617
Allocate,Linked List Allocator (First Fit),75,134217728,75,259.46434,306.255,218.785,25.946686
Free,Linked List Allocator (First Fit),,134217728,75,31.7534,32.601,30.986,0.5281774
Allocate,Linked List Allocator (Next Fit),25,134217728,75,32.693008,34.864,30.766,1.2314897
Allocate,Linked List Allocator (Next Fit),50,134217728,75,33.705412,36.414,31.622,1.4366292
Allocate,Linked List Allocator (Next Fit),75,134217728,75,33.951696,36.952,31.845,1.6749049
Free,Linked List Allocator (Next Fit),,134217728,75,32.131576,33.404,31.184,0.70445196
Allocate,Linked List Allocator (Best Fit),25,134217728,75,274.15162,300.486,251.086,15.698655
Allocate,Linked List Allocator (Best Fit),50,134217728,75,480.33926,523.857,443.846,23.770352
Allocate,Linked List Allocator (Best Fit),75,134217728,75,673.44307,726.279,631.724,27.580902
Free,Linked List Allocator (Best Fit),,134217728,75,30.9346,32.551,29.704,3.6582673
Allocate,Linked List Allocator (Worst Fit),25,134217728,75,262.31915,287.912,237.232,15.215443
Allocate,Linked List Allocator (Worst Fit),50,134217728,75,469.58353,505.499,432.312,22.861917
Allocate,Linked List Allocator (Worst Fit),75,134217728,75,662.99726,710.034,622.371,27.053361
Free,Linked List Allocator (Worst Fit),,134217728,75,31.049392,32.334,30.138,0.76988499
Allocate,BST Allocator,25,134217728,75,299.83038,351.644,248.76,31.240017
Allocate,BST Allocator,50,134217728,75,575.18508,686.248,471.891,65.379409
Allocate,BST Allocator,75,134217728,75,854.43545,1029.982,713.113,98.136028
Free,BST Allocator,,134217728,75,31.93212,33.326,31.136,0.72151573
Allocate,BBST Allocator,25,134217728,75,252.52888,289.773,217.487,21.712069
Allocate,BBST Allocator,50,134217728,75,446.9277,529.302,376.816,46.432319
Allocate,BBST Allocator,75,134217728,75,640.78289,758.333,538.574,67.354443
Free,BBST Allocator,,134217728,75,35.02558,36.388,34.241,0.73827045
Allocate,Dual BBST Allocator,25,134217728,75,42.869868,46.597,40.236,2.133009
Allocate,Dual BBST Allocator,50,134217728,75,43.678464,47.406,40.358,2.1225073
Allocate,Dual BBST Allocator,75,134217728,75,44.259536,48.55,41.008,2.3897332
Free,Dual BBST Allocator,,134217728,75,39.217316,40.535,38.144,1.0123169
Allocate,Bitmap Allocator (First Fit),25,134217728,100,29.945272,31.589,28.705,1.015532
Allocate,Bitmap Allocator (First Fit),50,134217728,100,30.026916,31.636,28.482,1.0491278
Allocate,Bitmap Allocator (First Fit),75,134217728,100,30.924008,32.563,28.977,1.1206878
Free,Bitmap Allocator (First Fit),,134217728,100,28.525364,29.261,27.968,0.75970449
Allocate,Bitmap Allocator (Next Fit),25,134217728,100,28.90948,29.916,28.306,1.9057291
Allocate,Bitmap Allocator (Next Fit),50,134217728,100,29.523844,30.266,28.402,5.8236077
Allocate,Bitmap Allocator (Next Fit),75,134217728,100,29.686364,30.455,28.566,5.6063293
Free,Bitmap Allocator (Next Fit),,134217728,100,27.998364,28.549,27.614,0.43805017
Allocate,Bitmap Allocator (Best Fit),25,134217728,100,151.08618,196.925,132.106,26.394098
Allocate,Bitmap Allocator (Best Fit),50,134217728,100,150.89651,199.317,131.416,26.575495
Allocate,Bitmap Allocator (Best Fit),75,134217728,100,156.58558,215.766,136.218,31.353299
Free,Bitmap Allocator (Best Fit),,134217728,100,29.084876,30.127,28.443,0.48704541
Allocate,Bitmap Allocator (Worst Fit),25,134217728,100,263.6295,306.178,240.923,21.576373
Allocate,Bitmap Allocator (Worst Fit),50,134217728,100,271.69292,312.131,248.041,25.853484
Allocate,Bitmap Allocator (Worst Fit),75,134217728,100,278.02314,334.646,250.405,30.712032
Free,Bitmap Allocator (Worst Fit),,134217728,100,28.914952,29.714,28.234,0.53309005
Allocate,Buddy Allocator,25,134217728,100,60.006248,68.133,52.522,4.5594862
Allocate,Buddy Allocator,50,134217728,100,85.831448,97.34,71.78,8.0354467
Allocate,Buddy Allocator,75,134217728,100,111.26947,123.923,94.89,10.0588
Free,Buddy Allocator,,134217728,100,32.310444,33.418,31.621,0.57652596
Allocate,Linked List Allocator (First Fit),25,134217728,100,436.77688,506.96,353.223,53.127853
Allocate,Linked List Allocator (First Fit),50,134217728,100,908.56065,1058.581,698.527,114.1222
Allocate,Linked List Allocator (First Fit),75,134217728,100,1397.9544,1619.036,1102.529,175.08197
Free,Linked List Allocator (First Fit),,134217728,100,31.261272,32.995,30.487,0.77880714
Allocate,Linked List Allocator (Next Fit),25,134217728,100,33.776208,35.425,32.348,1.4039463
Allocate,Linked List Allocator (Next Fit),50,134217728,100,36.211052,38.021,34.686,1.2869034
Allocate,Linked List Allocator (Next Fit),75,134217728,100,38.341428,40.416,36.775,1.1753308
Free,Linked List Allocator (Next Fit),,134217728,100,31.002456,32.559,30.212,0.81828565
Allocate,Linked List Allocator (Best Fit),25,134217728,100,974.64787,1028.015,918.621,34.036401
Allocate,Linked List Allocator (Best Fit),50,134217728,100,2022.7226,2114.449,1949.843,48.768273
Allocate,Linked List Allocator (Best Fit),75,134217728,100,2978.1491,3142.176,2829.91,97.377041
Free,Linked List Allocator (Best Fit),,134217728,100,29.708864,31.396,28.86,0.78798388
Allocate,Linked List Allocator (Worst Fit),25,134217728,100,925.86448,978.436,873.366,33.076903
Allocate,Linked List Allocator (Worst Fit),50,134217728,100,1960.6045,2074.287,1865.995,65.534179
Allocate,Linked List Allocator (Worst Fit),75,134217728,100,3051.9128,3153.14,2938.144,67.650109
Free,Linked List Allocator (Worst Fit),,134217728,100,31.466148,32.899,30.718,0.68695762
Allocate,BST Allocator,25,134217728,100,1010.6931,1173.613,825.608,110.56422
Allocate,BST Allocator,50,134217728,100,2068.2715,2356.365,1688.505,229.90732
Allocate,BST Allocator,75,134217728,100,3075.7666,3559.743,2498.46,337.05874
Free,BST Allocator,,134217728,100,32.10326,33.667,31.248,0.68720335
Allocate,BBST Allocator,25,134217728,100,1187.8598,1409.011,910.025,164.77182
Allocate,BBST Allocator,50,134217728,100,2652.5002,3185.187,2003.788,382.62173
Allocate,BBST Allocator,75,134217728,100,4092.2457,4888.503,3062.951,611.04837
Free,BBST Allocator,,134217728,100,35.205992,36.407,34.264,0.77298218
Allocate,Dual BBST Allocator,25,134217728,100,35.125656,37.396,33.955,1.0919538
Allocate,Dual BBST Allocator,50,134217728,100,35.9996,38.562,34.523,1.5285998
Allocate,Dual BBST Allocator,75,134217728,100,36.306012,38.935,34.744,1.3071374
Free,Dual BBST Allocator,,134217728,100,38.889752,40.175,37.935,0.8244768
Allocate,Bitmap Allocator (First Fit),25,536870912,0,114.80287,143.854,84.612,19.575941
Allocate,Bitmap Allocator (First Fit),50,536870912,0,128.21609,163.41,89.414,21.660152
Allocate,Bitmap Allocator (First Fit),75,536870912,0,146.21794,184.851,106.966,24.72022
Free,Bitmap Allocator (First Fit),,536870912,0,29.672936,30.434,29.115,0.64954204
Allocate,Bitmap Allocator (Next Fit),25,536870912,0,43.940068,91.542,36.99,22.747
Allocate,Bitmap Allocator (Next Fit),50,536870912,0,44.142752,43.441,37.003,29.777564
Allocate,Bitmap Allocator (Next Fit),75,536870912,0,48.166112,112.068,36.719,46.827763
Free,Bitmap Allocator (Next Fit),,536870912,0,29.906536,31.277,29.172,0.73524605
Allocate,Bitmap Allocator (Best Fit),25,536870912,0,601.35045,645.679,561.406,32.538746
Allocate,Bitmap Allocator (Best Fit),50,536870912,0,606.77708,655.356,566.495,31.534349
Allocate,Bitmap Allocator (Best Fit),75,536870912,0,617.87104,668.461,574.396,29.211696
Free,Bitmap Allocator (Best Fit),,536870912,0,30.664056,31.943,29.899,0.76178781
Allocate,Bitmap Allocator (Worst Fit),25,536870912,0,791.83354,862.954,731.991,44.545919
Allocate,Bitmap Allocator (Worst Fit),50,536870912,0,819.65226,894.653,757.912,40.391619
Allocate,Bitmap Allocator (Worst Fit),75,536870912,0,861.6141,944.956,787.642,52.197934
Free,Bitmap Allocator (Worst Fit),,536870912,0,31.161444,32.151,30.623,0.63549968
Allocate,Buddy Allocator,25,536870912,0,110.97925,152.26,80.581,20.708531
Allocate,Buddy Allocator,50,536870912,0,128.5405,164.24,96.471,21.39012
Allocate,Buddy Allocator,75,536870912,0,83.605236,116,61.185,16.268186
Free,Buddy Allocator,,536870912,0,37.365864,38.729,36.018,2.1618703
Allocate,Linked List Allocator (First Fit),25,536870912,0,173.2336,190.519,157.869,9.791853
Allocate,Linked List Allocator (First Fit),50,536870912,0,290.64961,319.089,265.071,16.342687
Allocate,Linked List Allocator (First Fit),75,536870912,0,407.84346,450.698,367.302,24.912958
Free,Linked List Allocator (First Fit),,536870912,0,30.775848,32.205,30.089,0.69810444
Allocate,Linked List Allocator (Next Fit),25,536870912,0,33.068652,35.604,30.78,1.5492846
Allocate,Linked List Allocator (Next Fit),50,536870912,0,33.00816,36.043,30.925,1.5778034
Allocate,Linked List Allocator (Next Fit),75,536870912,0,33.705204,37.687,31.127,2.0159986
Free,Linked List Allocator (Next Fit),,536870912,0,31.1156,32.531,30.377,0.74537782
Allocate,Linked List Allocator (Best Fit),25,536870912,0,327.81445,345.778,311.014,11.063127
Allocate,Linked List Allocator (Best Fit),50,536870912,0,561.27398,587.603,537.58,15.402428
Allocate,Linked List Allocator (Best Fit),75,536870912,0,790.41144,826.141,758.475,21.859925
Free,Linked List Allocator (Best Fit),,536870912,0,31.022708,32.045,30.394,0.5970826
Allocate,Linked List Allocator (Worst Fit),25,536870912,0,316.99971,339.636,299.25,12.255532
Allocate,Linked List Allocator (Worst Fit),50,536870912,0,551.57678,581.223,522.436,18.923952
Allocate,Linked List Allocator (Worst Fit),75,536870912,0,769.2004,808.019,735.933,23.013884
Free,Linked List Allocator (Worst Fit),,536870912,0,31.231592,32.219,30.61,0.6618058
Allocate,BST Allocator,25,536870912,0,567.84301,637.595,514.118,35.837693
Allocate,BST Allocator,50,536870912,0,1070.8354,1184.839,956.696,76.262645
Allocate,BST Allocator,75,536870912,0,1569.6677,1728.38,1396.747,100.4537
Free,BST Allocator,,536870912,0,30.752956,31.744,30.007,0.58927618
Allocate,BBST Allocator,25,536870912,0,412.8124,451.164,380.037,22.215641
Allocate,BBST Allocator,50,536870912,0,731.43772,803.556,667.593,40.356344
Allocate,BBST Allocator,75,536870912,0,1053.8854,1155.661,950.024,63.051513
Free,BBST Allocator,,536870912,0,34.849576,36.327,33.922,1.3224614
Allocate,Dual BBST Allocator,25,536870912,0,52.095324,55.872,49.11,2.012008
Allocate,Dual BBST Allocator,50,536870912,0,53.913196,57.688,50.564,2.2166357
Allocate,Dual BBST Allocator,75,536870912,0,54.491328,58.75,50.959,2.4515439
Free,Dual BBST Allocator,,536870912,0,38.952968,40.813,37.944,0.88620369
Allocate,Bitmap Allocator (First Fit),25,536870912,25,90.616388,115.119,65.775,14.779166
Allocate,Bitmap Allocator (First Fit),50,536870912,25,111.16682,144.719,80.475,21.439894
Allocate,Bitmap Allocator (First Fit),75,536870912,25,123.12661,161.795,91.063,22.730414
Free,Bitmap Allocator (First Fit),,536870912,25,30.61684,31.41,30.163,0.4952024
Allocate,Bitmap Allocator (Next Fit),25,536870912,25,43.760588,109.349,36.246,21.994401
Allocate,Bitmap Allocator (Next Fit),50,536870912,25,47.75428,169.124,36.55,40.179112
Allocate,Bitmap Allocator (Next Fit),75,536870912,25,48.361216,104.705,36.454,47.567605
Free,Bitmap Allocator (Next Fit),,536870912,25,30.155636,30.991,29.648,0.45525348
Allocate,Bitmap Allocator (Best Fit),25,536870912,25,596.51419,633.45,560.977,22.725373
Allocate,Bitmap Allocator (Best Fit),50,536870912,25,581.39466,628.84,541.426,29.31694
Allocate,Bitmap Allocator (Best Fit),75,536870912,25,587.38647,644.387,542.594,31.923911
Free,Bitmap Allocator (Best Fit),,536870912,25,29.877048,31.396,29.201,0.91230411
Allocate,Bitmap Allocator (Worst Fit),25,536870912,25,757.01155,823.823,701.855,35.901977
Allocate,Bitmap Allocator (Worst Fit),50,536870912,25,791.85051,848.621,732.686,40.276504
Allocate,Bitmap Allocator (Worst Fit),75,536870912,25,808.12133,878.638,745.429,44.380592
Free,Bitmap Allocator (Worst Fit),,536870912,25,29.859028,30.519,29.357,0.39503254
Allocate,Buddy Allocator,25,536870912,25,206.67084,266.408,151.158,37.042363
Allocate,Buddy Allocator,50,536870912,25,251.3312,313.808,200.361,35.119603
Allocate,Buddy Allocator,75,536870912,25,93.752824,117.185,73.986,12.616621
Free,Buddy Allocator,,536870912,25,35.431404,36.763,34.48,0.72201176
Allocate,Linked List Allocator (First Fit),25,536870912,25,186.34986,206.161,167.976,11.844857
Allocate,Linked List Allocator (First Fit),50,536870912,25,321.15306,356.217,289.73,19.529048
Allocate,Linked List Allocator (First Fit),75,536870912,25,457.91362,505.481,410.631,28.887614
Free,Linked List Allocator (First Fit),,536870912,25,30.386824,31.558,29.774,0.61454484
Allocate,Linked List Allocator (Next Fit),25,536870912,25,31.84924,34.268,29.893,1.5199583
Allocate,Linked List Allocator (Next Fit),50,536870912,25,32.350208,35.84,30.114,1.7028614
Allocate,Linked List Allocator (Next Fit),75,536870912,25,33.424912,37.236,31.104,2.2795954
Free,Linked List Allocator (Next Fit),,536870912,25,30.090336,31.498,29.393,0.70505411
Allocate,Linked List Allocator (Best Fit),25,536870912,25,392.08357,415.462,373.974,12.873912
Allocate,Linked List Allocator (Best Fit),50,536870912,25,679.07234,715.29,648.822,21.033079
Allocate,Linked List Allocator (Best Fit),75,536870912,25,991.03486,1052.012,938.757,33.540614
Free,Linked List Allocator (Best Fit),,536870912,25,31.233912,32.423,30.539,0.62904661
Allocate,Linked List Allocator (Worst Fit),25,536870912,25,396.25582,422.079,375.207,14.45014
Allocate,Linked List Allocator (Worst Fit),50,536870912,25,696.34833,738.398,659.868,22.455476
Allocate,Linked List Allocator (Worst Fit),75,536870912,25,991.76757,1043.97,949.772,30.96869
Free,Linked List Allocator (Worst Fit),,536870912,25,31.172548,33.188,30.5,0.77775448
Allocate,BST Allocator,25,536870912,25,640.44146,718.452,564.691,47.193486
Allocate,BST Allocator,50,536870912,25,1259.1366,1394.867,1121.418,86.441937
Allocate,BST Allocator,75,536870912,25,1887.6178,2083.459,1685.211,122.22178
Free,BST Allocator,,536870912,25,31.965664,33.024,31.153,0.83767133
Allocate,BBST Allocator,25,536870912,25,467.39598,513.091,424.439,27.639454
Allocate,BBST Allocator,50,536870912,25,867.80217,953.315,784.121,55.854471
Allocate,BBST Allocator,75,536870912,25,1285.6075,1406.659,1139.497,84.172458
Free,BBST Allocator,,536870912,25,35.291372,36.574,34.455,0.69377763
Allocate,Dual BBST Allocator,25,536870912,25,51.1119,55.46,47.694,2.4935765
Allocate,Dual BBST Allocator,50,536870912,25,52.215652,56.473,48.256,2.493716
Allocate,Dual BBST Allocator,75,536870912,25,52.990636,58.008,48.844,2.6978268
Free,Dual BBST Allocator,,536870912,25,39.498672,41.238,38.364,0.8947443
Allocate,Bitmap Allocator (First Fit),25,536870912,50,71.116584,93.75,49.49,13.897818
Allocate,Bitmap Allocator (First Fit),50,536870912,50,83.510516,116.79,57.399,17.511239
Allocate,Bitmap Allocator (First Fit),75,536870912,50,95.348432,127.52,62.81,19.140126
Free,Bitmap Allocator (First Fit),,536870912,50,30.08144,30.851,29.463,0.54474127
Allocate,Bitmap Allocator (Next Fit),25,536870912,50,38.900416,63.582,33.608,16.218733
Allocate,Bitmap Allocator (Next Fit),50,536870912,50,40.583952,45.641,34.27,27.52794
Allocate,Bitmap Allocator (Next Fit),75,536870912,50,39.021768,38.323,34.065,26.489006
Free,Bitmap Allocator (Next Fit),,536870912,50,29.636312,30.353,29.143,0.46959141
Allocate,Bitmap Allocator (Best Fit),25,536870912,50,578.46576,628.878,534.519,30.538656
Allocate,Bitmap Allocator (Best Fit),50,536870912,50,587.75142,642.718,541.209,34.98269
Allocate,Bitmap Allocator (Best Fit),75,536870912,50,600.24068,659.336,552.977,32.630094
Free,Bitmap Allocator (Best Fit),,536870912,50,30.439672,31.272,29.863,1.0714447
Allocate,Bitmap Allocator (Worst Fit),25,536870912,50,770.40705,844.952,715.411,38.054803
Allocate,Bitmap Allocator (Worst Fit),50,536870912,50,794.75742,871.522,727.896,43.143054
Allocate,Bitmap Allocator (Worst Fit),75,536870912,50,815.98758,899.259,754.011,45.161239
Free,Bitmap Allocator (Worst Fit),,536870912,50,30.5232,31.307,30.019,0.40682039
Allocate,Buddy Allocator,25,536870912,50,255.42649,318.889,196.148,37.692749
Allocate,Buddy Allocator,50,536870912,50,330.88387,402.771,265.523,43.24476
Allocate,Buddy Allocator,75,536870912,50,91.393892,107.472,77.206,9.3474332
Free,Buddy Allocator,,536870912,50,34.770648,35.874,33.826,0.83934922
Allocate,Linked List Allocator (First Fit),25,536870912,50,229.2376,259.44,199.085,18.384608
Allocate,Linked List Allocator (First Fit),50,536870912,50,412.11595,458.878,366.593,29.444624
Allocate,Linked List Allocator (First Fit),75,536870912,50,594.94554,672.077,519.002,46.656829
Free,Linked List Allocator (First Fit),,536870912,50,30.664456,31.71,30.109,0.5484924
Allocate,Linked List Allocator (Next Fit),25,536870912,50,33.008644,36.254,30.764,1.694491
Allocate,Linked List Allocator (Next Fit),50,536870912,50,33.663008,36.713,31.568,1.7692488
Allocate,Linked List Allocator (Next Fit),75,536870912,50,35.3604,39.969,32.333,2.398596
Free,Linked List Allocator (Next Fit),,536870912,50,30.218976,31.448,29.612,0.55927014
Allocate,Linked List Allocator (Best Fit),25,536870912,50,527.60277,557.983,501.444,17.842366
Allocate,Linked List Allocator (Best Fit),50,536870912,50,953.23372,1007.531,905.308,30.70143
Allocate,Linked List Allocator (Best Fit),75,536870912,50,1423.7325,1487.365,1366.874,36.814731
Free,Linked List Allocator (Best Fit),,536870912,50,30.450784,31.611,29.794,0.58463361
Allocate,Linked List Allocator (Worst Fit),25,536870912,50,520.85678,553.05,491.688,19.619047
Allocate,Linked List Allocator (Worst Fit),50,536870912,50,945.24808,995.952,900.42,31.410853
Allocate,Linked List Allocator (Worst Fit),75,536870912,50,1414.1933,1483.057,1353.469,39.5274
Free,Linked List Allocator (Worst Fit),,536870912,50,30.832444,31.811,30.207,0.69738651
Allocate,BST Allocator,25,536870912,50,789.61626,904.732,674.456,70.132412
Allocate,BST Allocator,50,536870912,50,1552.9657,1769.783,1367.315,125.39836
Allocate,BST Allocator,75,536870912,50,2365.2795,2687.566,2068.609,192.33022
Free,BST Allocator,,536870912,50,32.127688,33.791,31.303,0.92351705
Allocate,BBST Allocator,25,536870912,50,573.22948,651.168,499.164,47.429698
Allocate,BBST Allocator,50,536870912,50,1095.5169,1228.208,962.455,81.681313
Allocate,BBST Allocator,75,536870912,50,1665.1038,1885.435,1451.984,139.44477
Free,BBST Allocator,,536870912,50,35.6871,37.302,34.785,1.0423481
Allocate,Dual BBST Allocator,25,536870912,50,48.415624,52.363,45.088,2.3010658
Allocate,Dual BBST Allocator,50,536870912,50,50.022388,54.754,46.254,2.8649868
Allocate,Dual BBST Allocator,75,536870912,50,50.116864,54.742,45.916,2.794477
Free,Dual BBST Allocator,,536870912,50,39.164296,40.946,37.864,2.0623986
Allocate,Bitmap Allocator (First Fit),25,536870912,75,52.229392,68.329,38.562,10.10235
Allocate,Bitmap Allocator (First Fit),50,536870912,75,59.426468,80.059,41.739,12.656179
Allocate,Bitmap Allocator (First Fit),75,536870912,75,65.814616,89.844,46.015,14.016162
Free,Bitmap Allocator (First Fit),,536870912,75,29.560956,30.429,28.924,0.58230319
Allocate,Bitmap Allocator (Next Fit),25,536870912,75,33.060264,33.608,30.911,8.7968058
Allocate,Bitmap Allocator (Next Fit),50,536870912,75,36.502172,33.904,31.072,25.047887
Allocate,Bitmap Allocator (Next Fit),75,536870912,75,35.091308,34.35,31.536,21.73396
Free,Bitmap Allocator (Next Fit),,536870912,75,29.301276,30.067,28.735,0.43478346
Allocate,Bitmap Allocator (Best Fit),25,536870912,75,567.5401,631.712,514.061,34.129122
Allocate,Bitmap Allocator (Best Fit),50,536870912,75,574.06817,630.88,523.057,36.985523
Allocate,Bitmap Allocator (Best Fit),75,536870912,75,573.19658,655.247,512.155,43.615174
Free,Bitmap Allocator (Best Fit),,536870912,75,28.29986,29.145,27.764,0.45435789
Allocate,Bitmap Allocator (Worst Fit),25,536870912,75,700.42797,779.451,636.192,43.913333
Allocate,Bitmap Allocator (Worst Fit),50,536870912,75,719.2156,809.766,653.455,47.943716
Allocate,Bitmap Allocator (Worst Fit),75,536870912,75,745.27854,831.681,671.932,49.876248
Free,Bitmap Allocator (Worst Fit),,536870912,75,29.321236,30.161,28.756,0.4302612
Allocate,Buddy Allocator,25,536870912,75,230.369,290.464,171.259,38.424127
Allocate,Buddy Allocator,50,536870912,75,319.98948,390.355,263.448,38.830241
Allocate,Buddy Allocator,75,536870912,75,67.643864,80.074,57.293,7.4670869
Free,Buddy Allocator,,536870912,75,33.68204,34.843,32.911,0.60592331
Allocate,Linked List Allocator (First Fit),25,536870912,75,329.84079,390.114,278.297,34.823877
Allocate,Linked List Allocator (First Fit),50,536870912,75,637.2209,749.811,542.496,64.367234
Allocate,Linked List Allocator (First Fit),75,536870912,75,965.79621,1141.839,812.202,105.10978
Free,Linked List Allocator (First Fit),,536870912,75,30.751764,31.95,30.142,0.62742618
Allocate,Linked List Allocator (Next Fit),25,536870912,75,33.43238,36.668,31.307,1.8345594
Allocate,Linked List Allocator (Next Fit),50,536870912,75,35.872492,38.727,33.508,2.1458949
Allocate,Linked List Allocator (Next Fit),75,536870912,75,38.136816,41.174,35.494,2.9595192
Free,Linked List Allocator (Next Fit),,536870912,75,30.567016,31.613,29.907,0.66144851
Allocate,Linked List Allocator (Best Fit),25,536870912,75,866.03398,923.146,806.918,34.402871
Allocate,Linked List Allocator (Best Fit),50,536870912,75,1708.6572,1799.812,1630.801,50.355642
Allocate,Linked List Allocator (Best Fit),75,536870912,75,2567.5123,2683.968,2470.112,61.285377
Free,Linked List Allocator (Best Fit),,536870912,75,31.456008,32.401,30.764,0.570585
Allocate,Linked List Allocator (Worst Fit),25,536870912,75,859.30196,925.049,807.171,34.449595
Allocate,Linked List Allocator (Worst Fit),50,536870912,75,1705.8916,1801.113,1635.185,50.731873
Allocate,Linked List Allocator (Worst Fit),75,536870912,75,2534.3405,2641.173,2443.634,58.338796
Free,Linked List Allocator (Worst Fit),,536870912,75,31.05,32.167,30.374,0.6567587
Allocate,BST Allocator,25,536870912,75,1141.3641,1354.731,941.251,125.06303
Allocate,BST Allocator,50,536870912,75,2319.7476,2756.75,1951.612,243.25743
Allocate,BST Allocator,75,536870912,75,3510.425,4135.988,2992.884,381.40845
Free,BST Allocator,,536870912,75,32.386176,34.128,31.428,1.2475872
Allocate,BBST Allocator,25,536870912,75,844.93894,1003.211,701.718,91.689345
Allocate,BBST Allocator,50,536870912,75,1760.6038,2097.747,1463.838,197.18456
Allocate,BBST Allocator,75,536870912,75,2732.6922,3263.264,2239.636,348.82582
Free,BBST Allocator,,536870912,75,35.32708,36.458,34.489,0.64910004
Allocate,Dual BBST Allocator,25,536870912,75,44.733464,49.236,41.395,2.3553378
Allocate,Dual BBST Allocator,50,536870912,75,46.024776,49.713,42.577,4.0014179
Allocate,Dual BBST Allocator,75,536870912,75,45.627948,49.69,42.347,2.2923997
Free,Dual BBST Allocator,,536870912,75,39.357364,40.625,38.364,0.73452419
Allocate,Bitmap Allocator (First Fit),25,536870912,100,31.339552,33.235,28.742,1.7974023
Allocate,Bitmap Allocator (First Fit),50,536870912,100,32.457996,34.328,28.453,1.6405354
Allocate,Bitmap Allocator (First Fit),75,536870912,100,34.219192,36.098,29.016,2.1019451
Free,Bitmap Allocator (First Fit),,536870912,100,28.346932,29.628,27.691,0.87845329
Allocate,Bitmap Allocator (Next Fit),25,536870912,100,28.737716,29.799,27.912,2.1139406
Allocate,Bitmap Allocator (Next Fit),50,536870912,100,28.575224,29.521,27.817,0.65612299
Allocate,Bitmap Allocator (Next Fit),75,536870912,100,28.84276,29.966,28.104,0.69253128
Free,Bitmap Allocator (Next Fit),,536870912,100,28.585772,29.427,28.096,0.50462801
Allocate,Bitmap Allocator (Best Fit),25,536870912,100,460.76476,527.188,440.444,25.737143
Allocate,Bitmap Allocator (Best Fit),50,536870912,100,470.40782,546.194,440.028,39.771702
Allocate,Bitmap Allocator (Best Fit),75,536870912,100,466.97196,551.661,439.7,39.907063
Free,Bitmap Allocator (Best Fit),,536870912,100,28.918224,29.76,28.404,0.42791369
Allocate,Bitmap Allocator (Worst Fit),25,536870912,100,579.46366,641.37,554.12,26.88237
Allocate,Bitmap Allocator (Worst Fit),50,536870912,100,595.62982,667.951,565.073,35.79691
Allocate,Bitmap Allocator (Worst Fit),75,536870912,100,599.15317,663.205,571.697,32.368781
Free,Bitmap Allocator (Worst Fit),,536870912,100,29.061392,30.215,28.388,0.80218679
Allocate,Buddy Allocator,25,536870912,100,143.28434,167.339,115.387,16.452448
Allocate,Buddy Allocator,50,536870912,100,243.2057,284.33,188.043,30.194396
Allocate,Buddy Allocator,75,536870912,100,351.0819,404.826,283.399,39.276961
Free,Buddy Allocator,,536870912,100,32.168408,33.191,31.68,0.5615756
Allocate,Linked List Allocator (First Fit),25,536870912,100,1847.5454,2131.401,1444.729,212.25723
Allocate,Linked List Allocator (First Fit),50,536870912,100,3618.3425,4239.193,2696.126,453.92709
Allocate,Linked List Allocator (First Fit),75,536870912,100,5524.0568,6473.143,4059.428,756.43154
Free,Linked List Allocator (First Fit),,536870912,100,30.141688,31.277,29.441,0.77909063
Allocate,Linked List Allocator (Next Fit),25,536870912,100,38.797816,40.572,37.299,1.5288484
Allocate,Linked List Allocator (Next Fit),50,536870912,100,40.268776,42.315,38.666,1.1576502
Allocate,Linked List Allocator (Next Fit),75,536870912,100,42.185944,44.897,40.087,1.6180635
Free,Linked List Allocator (Next Fit),,536870912,100,30.67128,31.908,29.968,0.66375993
Allocate,Linked List Allocator (Best Fit),25,536870912,100,4005.1916,4113.359,3904.657,65.589197
Allocate,Linked List Allocator (Best Fit),50,536870912,100,7928.4818,8150.392,7620.861,166.02952
Allocate,Linked List Allocator (Best Fit),75,536870912,100,12158.152,12461.262,11603.021,240.12298
Free,Linked List Allocator (Best Fit),,536870912,100,31.26748,32.831,30.432,0.74701241
Allocate,Linked List Allocator (Worst Fit),25,536870912,100,4061.5376,4167.454,3959.469,69.082049
Allocate,Linked List Allocator (Worst Fit),50,536870912,100,8091.1767,8293.928,7883.288,129.18844
Allocate,Linked List Allocator (Worst Fit),75,536870912,100,11949.622,12283.266,11548.27,246.93621
Free,Linked List Allocator (Worst Fit),,536870912,100,30.186812,31.112,29.563,0.62621462
Allocate,BST Allocator,25,536870912,100,3996.1308,4531.152,3295.469,405.29922
Allocate,BST Allocator,50,536870912,100,8093.5005,9413.345,6293.57,956.65022
Allocate,BST Allocator,75,536870912,100,12138.04,14060.757,9681.643,1428.6528
Free,BST Allocator,,536870912,100,31.976132,33.224,31.049,0.91567687
Allocate,BBST Allocator,25,536870912,100,5495.1534,7270.28,4066.27,874.00171
Allocate,BBST Allocator,50,536870912,100,10800.353,14250.796,7816.164,1855.0972
Allocate,BBST Allocator,75,536870912,100,16247.486,20170.908,11822.187,2564.6599
Free,BBST Allocator,,536870912,100,35.373808,37.688,34.13,3.2280473
Allocate,Dual BBST Allocator,25,536870912,100,37.103256,39.457,35.724,1.2341377
Allocate,Dual BBST Allocator,50,536870912,100,37.97522,40.764,36.239,1.525581
Allocate,Dual BBST Allocator,75,536870912,100,38.129876,41.365,36.529,1.457044
Free,Dual BBST Allocator,,536870912,100,39.41064,41.037,38.333,0.85605553
Allocate,Bitmap Allocator (First Fit),25,1073741824,0,136.18807,169.805,96.754,22.609757
Allocate,Bitmap Allocator (First Fit),50,1073741824,0,173.69635,225.484,115.817,31.281632
Allocate,Bitmap Allocator (First Fit),75,1073741824,0,205.51334,271.15,132.739,39.389136
Free,Bitmap Allocator (First Fit),,1073741824,0,30.816976,31.81,30.135,0.76875387
Allocate,Bitmap Allocator (Next Fit),25,1073741824,0,47.205348,103.465,37.712,36.566364
Allocate,Bitmap Allocator (Next Fit),50,1073741824,0,48.156708,41.577,38.277,52.380833
Allocate,Bitmap Allocator (Next Fit),75,1073741824,0,45.31326,41.137,37.946,57.585406
Free,Bitmap Allocator (Next Fit),,1073741824,0,31.006872,32.048,30.37,0.62264202
Allocate,Bitmap Allocator (Best Fit),25,1073741824,0,1016.1116,1076.959,962.263,35.574727
Allocate,Bitmap Allocator (Best Fit),50,1073741824,0,1044.6909,1093.424,997.013,43.592973
Allocate,Bitmap Allocator (Best Fit),75,1073741824,0,1052.6043,1104.359,1006.395,36.504223
Free,Bitmap Allocator (Best Fit),,1073741824,0,31.068496,31.952,30.516,0.50145451
Allocate,Bitmap Allocator (Worst Fit),25,1073741824,0,1278.5173,1366.653,1206.628,54.172716
Allocate,Bitmap Allocator (Worst Fit),50,1073741824,0,1262.8893,1349.129,1183.899,71.06899
Allocate,Bitmap Allocator (Worst Fit),75,1073741824,0,1264.129,1349.928,1184.216,53.568515
Free,Bitmap Allocator (Worst Fit),,1073741824,0,30.630764,31.878,29.659,0.93926389
Allocate,Buddy Allocator,25,1073741824,0,185.65574,265.711,125.601,39.906853
Allocate,Buddy Allocator,50,1073741824,0,218.79961,285.556,155.761,42.138366
Allocate,Buddy Allocator,75,1073741824,0,91.602792,136.232,61.65,21.554863
Free,Buddy Allocator,,1073741824,0,37.631404,39.371,36.326,0.92930235
Allocate,Linked List Allocator (First Fit),25,1073741824,0,288.23684,319.909,262.279,17.127112
Allocate,Linked List Allocator (First Fit),50,1073741824,0,526.16341,583.598,473.919,33.738712
Allocate,Linked List Allocator (First Fit),75,1073741824,0,780.56232,863.412,696.464,53.775639
Free,Linked List Allocator (First Fit),,1073741824,0,30.586724,32.885,29.643,2.0934852
Allocate,Linked List Allocator (Next Fit),25,1073741824,0,32.765624,36.355,30.442,1.9512773
Allocate,Linked List Allocator (Next Fit),50,1073741824,0,34.294364,37.469,31.348,5.5256136
Allocate,Linked List Allocator (Next Fit),75,1073741824,0,35.699708,39.298,32.687,2.1497731
Free,Linked List Allocator (Next Fit),,1073741824,0,31.190688,33.843,29.79,2.4571829
Allocate,Linked List Allocator (Best Fit),25,1073741824,0,559.12216,599.524,529.547,23.401597
Allocate,Linked List Allocator (Best Fit),50,1073741824,0,1024.9915,1094.498,973.222,38.78374
Allocate,Linked List Allocator (Best Fit),75,1073741824,0,1551.9892,1626.425,1475.506,47.380537
Free,Linked List Allocator (Best Fit),,1073741824,0,31.97546,33.888,30.317,2.7440089
Allocate,Linked List Allocator (Worst Fit),25,1073741824,0,540.79978,573.012,512.294,18.871144
Allocate,Linked List Allocator (Worst Fit),50,1073741824,0,1011.2219,1058.36,964.223,28.563482
Allocate,Linked List Allocator (Worst Fit),75,1073741824,0,1516.4188,1592.629,1449.572,47.088755
Free,Linked List Allocator (Worst Fit),,1073741824,0,31.57918,33.324,30.143,2.3693968
Allocate,BST Allocator,25,1073741824,0,1095.8659,1211.305,995.475,68.81012
Allocate,BST Allocator,50,1073741824,0,2183.1136,2407.097,1956.179,141.54532
Allocate,BST Allocator,75,1073741824,0,3304.3479,3688.697,2918.393,224.70728
Free,BST Allocator,,1073741824,0,32.671416,33.925,31.801,0.69827708
Allocate,BBST Allocator,25,1073741824,0,753.84363,831.849,687.502,44.717909
Allocate,BBST Allocator,50,1073741824,0,1472.1305,1648.369,1329.921,101.65079
Allocate,BBST Allocator,75,1073741824,0,2252.6156,2553.314,2002.437,167.44692
Free,BBST Allocator,,1073741824,0,36.684836,37.679,35.824,0.71291088
Allocate,Dual BBST Allocator,25,1073741824,0,56.52046,60.859,52.906,2.3669823
Allocate,Dual BBST Allocator,50,1073741824,0,57.957412,62.706,54.145,2.6189622
Allocate,Dual BBST Allocator,75,1073741824,0,57.68962,62.82,53.797,2.5025982
Free,Dual BBST Allocator,,1073741824,0,40.601924,43.286,38.726,3.8562239
Allocate,Bitmap Allocator (First Fit),25,1073741824,25,109.45364,139.825,78.136,19.950404
Allocate,Bitmap Allocator (First Fit),50,1073741824,25,139.38871,179.56,96.114,24.971381
Allocate,Bitmap Allocator (First Fit),75,1073741824,25,166.46237,221.907,110.141,35.589488
Free,Bitmap Allocator (First Fit),,1073741824,25,31.044008,32.188,30.281,2.2923569
Allocate,Bitmap Allocator (Next Fit),25,1073741824,25,44.589388,52.944,36.369,30.586894
Allocate,Bitmap Allocator (Next Fit),50,1073741824,25,40.750836,40.341,37.059,20.91536
Allocate,Bitmap Allocator (Next Fit),75,1073741824,25,41.767492,40.422,37.238,36.188301
Free,Bitmap Allocator (Next Fit),,1073741824,25,30.797784,31.486,30.191,0.88279255
Allocate,Bitmap Allocator (Best Fit),25,1073741824,25,1035.6765,1085.412,989.04,45.156695
Allocate,Bitmap Allocator (Best Fit),50,1073741824,25,1038.6351,1099.329,987.032,44.421081
Allocate,Bitmap Allocator (Best Fit),75,1073741824,25,1049.652,1104.012,995.482,42.503957
Free,Bitmap Allocator (Best Fit),,1073741824,25,32.209376,34.125,30.977,1.4145139
Allocate,Bitmap Allocator (Worst Fit),25,1073741824,25,1214.2517,1296.405,1146.155,45.711403
Allocate,Bitmap Allocator (Worst Fit),50,1073741824,25,1266.0318,1348.277,1189.326,54.940287
Allocate,Bitmap Allocator (Worst Fit),75,1073741824,25,1282.055,1383.279,1210.78,52.263631
Free,Bitmap Allocator (Worst Fit),,1073741824,25,32.147744,33.28,31.231,0.62407499
Allocate,Buddy Allocator,25,1073741824,25,399.29936,524.177,302.995,68.4599
Allocate,Buddy Allocator,50,1073741824,25,475.06617,606.371,359.202,76.154715
Allocate,Buddy Allocator,75,1073741824,25,103.81636,124.574,83.519,13.362656
Free,Buddy Allocator,,1073741824,25,37.253464,39.29,35.461,2.976437
Allocate,Linked List Allocator (First Fit),25,1073741824,25,337.68116,371.805,303.987,23.874271
Allocate,Linked List Allocator (First Fit),50,1073741824,25,627.66468,699.534,555.674,43.73132
Allocate,Linked List Allocator (First Fit),75,1073741824,25,955.2652,1075.979,849.434,70.514257
Free,Linked List Allocator (First Fit),,1073741824,25,31.63134,32.912,30.952,0.92468887
Allocate,Linked List Allocator (Next Fit),25,1073741824,25,34.010864,36.932,31.827,1.6215523
Allocate,Linked List Allocator (Next Fit),50,1073741824,25,35.165888,38.053,32.775,1.6244123
Allocate,Linked List Allocator (Next Fit),75,1073741824,25,37.480148,41.045,34.659,2.2426329
Free,Linked List Allocator (Next Fit),,1073741824,25,31.830572,33.132,30.968,0.68849378
Allocate,Linked List Allocator (Best Fit),25,1073741824,25,710.83258,754.154,670.802,26.273285
Allocate,Linked List Allocator (Best Fit),50,1073741824,25,1354.5024,1419.406,1291.747,38.362958
Allocate,Linked List Allocator (Best Fit),75,1073741824,25,2050.0794,2163.346,1947.628,71.591871
Free,Linked List Allocator (Best Fit),,1073741824,25,32.035728,34.046,30.32,1.6139008
Allocate,Linked List Allocator (Worst Fit),25,1073741824,25,693.00139,738.317,652.219,26.107732
Allocate,Linked List Allocator (Worst Fit),50,1073741824,25,1315.0227,1385.412,1248.846,49.015289
Allocate,Linked List Allocator (Worst Fit),75,1073741824,25,2010.9954,2103.391,1929.692,59.023514
Free,Linked List Allocator (Worst Fit),,1073741824,25,31.78826,33.632,30.467,2.2539174
Allocate,BST Allocator,25,1073741824,25,1297.2899,1444.979,1150.184,92.370456
Allocate,BST Allocator,50,1073741824,25,2543.5952,2831.476,2224.349,186.65756
Allocate,BST Allocator,75,1073741824,25,3728.4472,4183.031,3312.565,280.14837
Free,BST Allocator,,1073741824,25,30.576348,31.705,29.843,0.7062955
Allocate,BBST Allocator,25,1073741824,25,855.56045,940.703,771.705,51.829989
Allocate,BBST Allocator,50,1073741824,25,1686.9236,1893.605,1487.693,125.23604
Allocate,BBST Allocator,75,1073741824,25,2587.9058,2959.211,2242.049,211.62084
Free,BBST Allocator,,1073741824,25,34.539748,36.224,33.465,0.97911213
Allocate,Dual BBST Allocator,25,1073741824,25,50.39956,54.555,46.101,2.5377424
Allocate,Dual BBST Allocator,50,1073741824,25,51.587168,56.232,47.633,2.9095128
Allocate,Dual BBST Allocator,75,1073741824,25,52.210984,56.909,48.577,2.6371477
Free,Dual BBST Allocator,,1073741824,25,38.142576,40.064,36.998,1.1826095
Allocate,Bitmap Allocator (First Fit),25,1073741824,50,85.422756,119.906,60.046,19.015594
Allocate,Bitmap Allocator (First Fit),50,1073741824,50,106.09072,148.363,68.157,24.220792
Allocate,Bitmap Allocator (First Fit),75,1073741824,50,128.57468,177.227,84.134,29.432106
Free,Bitmap Allocator (First Fit),,1073741824,50,30.184744,31.018,29.635,0.5049824
Allocate,Bitmap Allocator (Next Fit),25,1073741824,50,39.147824,37.379,33.977,25.935062
Allocate,Bitmap Allocator (Next Fit),50,1073741824,50,38.455232,36.88,33.359,38.214776
Allocate,Bitmap Allocator (Next Fit),75,1073741824,50,40.970476,37.777,33.946,49.568081
Free,Bitmap Allocator (Next Fit),,1073741824,50,29.72356,30.669,29.267,0.51989843
Allocate,Bitmap Allocator (Best Fit),25,1073741824,50,963.87931,1035.543,909.932,46.406161
Allocate,Bitmap Allocator (Best Fit),50,1073741824,50,975.13784,1032.997,926.039,37.8503
Allocate,Bitmap Allocator (Best Fit),75,1073741824,50,993.16379,1059.606,934.959,38.471244
Free,Bitmap Allocator (Best Fit),,1073741824,50,30.308544,31.298,29.612,0.57080289
Allocate,Bitmap Allocator (Worst Fit),25,1073741824,50,1185.4902,1284.872,1118.733,52.367095
Allocate,Bitmap Allocator (Worst Fit),50,1073741824,50,1213.5148,1291.435,1151.243,43.858702
Allocate,Bitmap Allocator (Worst Fit),75,1073741824,50,1242.9363,1337.092,1162.405,52.156485
Free,Bitmap Allocator (Worst Fit),,1073741824,50,30.078456,31,29.455,0.47947571
Allocate,Buddy Allocator,25,1073741824,50,483.84932,645.039,350.489,85.065353
Allocate,Buddy Allocator,50,1073741824,50,625.2347,752.441,486.379,81.211328
Allocate,Buddy Allocator,75,1073741824,50,94.035096,111.229,79.047,9.988957
Free,Buddy Allocator,,1073741824,50,34.748484,35.644,33.862,0.60351818
Allocate,Linked List Allocator (First Fit),25,1073741824,50,408.05142,453.563,354.296,29.887147
Allocate,Linked List Allocator (First Fit),50,1073741824,50,792.04989,909.048,687.393,67.609913
Allocate,Linked List Allocator (First Fit),75,1073741824,50,1205.644,1376.148,1042.877,102.53058
Free,Linked List Allocator (First Fit),,1073741824,50,31.233524,32.34,30.599,0.52205382
Allocate,Linked List Allocator (Next Fit),25,1073741824,50,34.323908,37.083,32.176,1.6952605
Allocate,Linked List Allocator (Next Fit),50,1073741824,50,37.228616,41.464,34.483,2.5486871
Allocate,Linked List Allocator (Next Fit),75,1073741824,50,39.68894,48.266,35.885,3.8178316
Free,Linked List Allocator (Next Fit),,1073741824,50,30.355912,31.381,29.779,0.55086162
Allocate,Linked List Allocator (Best Fit),25,1073741824,50,957.1495,1007.809,911.317,28.658921
Allocate,Linked List Allocator (Best Fit),50,1073741824,50,1903.1686,1983.494,1826.014,48.319011
Allocate,Linked List Allocator (Best Fit),75,1073741824,50,2848.9019,2949.637,2752.945,60.409762
Free,Linked List Allocator (Best Fit),,1073741824,50,30.30084,31.424,29.661,0.59567707
Allocate,Linked List Allocator (Worst Fit),25,1073741824,50,938.21811,989.439,891.146,29.862719
Allocate,Linked List Allocator (Worst Fit),50,1073741824,50,1884.0692,1962.147,1809.503,47.584941
Allocate,Linked List Allocator (Worst Fit),75,1073741824,50,2818.4161,2922.997,2734.672,55.233721
Free,Linked List Allocator (Worst Fit),,1073741824,50,30.576616,31.463,29.967,0.53106367
Allocate,BST Allocator,25,1073741824,50,1552.9235,1765.782,1361.846,124.88368
Allocate,BST Allocator,50,1073741824,50,3159.6191,3671.026,2769.878,277.01641
Allocate,BST Allocator,75,1073741824,50,4794.609,5549.703,4159.755,415.03117
Free,BST Allocator,,1073741824,50,31.453396,32.542,30.675,0.67143859
Allocate,BBST Allocator,25,1073741824,50,1081.5955,1213.564,943.077,80.707433
Allocate,BBST Allocator,50,1073741824,50,2226.5205,2566.045,1916.815,200.25696
Allocate,BBST Allocator,75,1073741824,50,3411.5165,3944.342,2929.447,316.91003
Free,BBST Allocator,,1073741824,50,35.27934,36.578,34.475,0.70355407
Allocate,Dual BBST Allocator,25,1073741824,50,49.017244,53.92,45.16,2.627357
Allocate,Dual BBST Allocator,50,1073741824,50,50.340004,55.393,46.423,2.8074057
Allocate,Dual BBST Allocator,75,1073741824,50,50.18488,54.781,46.379,2.6708763
Free,Dual BBST Allocator,,1073741824,50,39.146496,40.474,38.032,0.86255349
Allocate,Bitmap Allocator (First Fit),25,1073741824,75,57.9792,79.032,41.85,12.051803
Allocate,Bitmap Allocator (First Fit),50,1073741824,75,69.59278,96.246,45.506,16.50919
Allocate,Bitmap Allocator (First Fit),75,1073741824,75,82.86082,116.227,52.883,19.864636
Free,Bitmap Allocator (First Fit),,1073741824,75,28.077412,29.174,27.345,0.7068615
Allocate,Bitmap Allocator (Next Fit),25,1073741824,75,33.717256,32.785,29.552,21.897091
Allocate,Bitmap Allocator (Next Fit),50,1073741824,75,35.262448,33.214,29.817,38.296857
Allocate,Bitmap Allocator (Next Fit),75,1073741824,75,33.874156,32.725,30.253,39.582432
Free,Bitmap Allocator (Next Fit),,1073741824,75,27.816092,28.764,27.243,0.48716545
Allocate,Bitmap Allocator (Best Fit),25,1073741824,75,944.46768,1010.449,888.203,38.620531
Allocate,Bitmap Allocator (Best Fit),50,1073741824,75,951.2687,1024.177,898.908,41.382472
Allocate,Bitmap Allocator (Best Fit),75,1073741824,75,964.79141,1059.093,906.444,44.676288
Free,Bitmap Allocator (Best Fit),,1073741824,75,28.705632,29.757,27.966,0.54567445
Allocate,Bitmap Allocator (Worst Fit),25,1073741824,75,1116.8461,1213.649,1039.583,54.420318
Allocate,Bitmap Allocator (Worst Fit),50,1073741824,75,1170.7421,1258.814,1094.568,57.446416
Allocate,Bitmap Allocator (Worst Fit),75,1073741824,75,1201.0503,1316.683,1120.411,59.623123
Free,Bitmap Allocator (Worst Fit),,1073741824,75,28.423104,29.724,27.579,0.75960536
Allocate,Buddy Allocator,25,1073741824,75,414.95279,536.193,292.188,72.733293
Allocate,Buddy Allocator,50,1073741824,75,597.68528,711.998,482.112,73.525284
Allocate,Buddy Allocator,75,1073741824,75,66.433104,78.726,56.751,6.54586
Free,Buddy Allocator,,1073741824,75,32.528484,33.609,31.67,0.7162001
Allocate,Linked List Allocator (First Fit),25,1073741824,75,605.73094,717.397,510.215,60.688394
Allocate,Linked List Allocator (First Fit),50,1073741824,75,1242.332,1451.076,1031.719,129.77741
Allocate,Linked List Allocator (First Fit),75,1073741824,75,1908.4147,2263.265,1527.126,215.36053
Free,Linked List Allocator (First Fit),,1073741824,75,30.466292,31.523,29.783,0.65952915
Allocate,Linked List Allocator (Next Fit),25,1073741824,75,36.057268,38.659,33.677,2.1952431
Allocate,Linked List Allocator (Next Fit),50,1073741824,75,39.082952,42.051,36.456,2.1647672
Allocate,Linked List Allocator (Next Fit),75,1073741824,75,40.291304,43.887,37.499,3.5315627
Free,Linked List Allocator (Next Fit),,1073741824,75,30.777776,31.934,29.894,0.70004663
Allocate,Linked List Allocator (Best Fit),25,1073741824,75,1708.8306,1797.252,1634.723,50.612788
Allocate,Linked List Allocator (Best Fit),50,1073741824,75,3300.9949,3449.84,3175.296,87.584786
Allocate,Linked List Allocator (Best Fit),75,1073741824,75,5055.8148,5303.289,4827.609,146.30571
Free,Linked List Allocator (Best Fit),,1073741824,75,30.633496,31.641,29.746,0.72598906
Allocate,Linked List Allocator (Worst Fit),25,1073741824,75,1691.5459,1771.29,1613.292,48.267907
Allocate,Linked List Allocator (Worst Fit),50,1073741824,75,3349.3051,3460.755,3249.677,67.664497
Allocate,Linked List Allocator (Worst Fit),75,1073741824,75,4937.2713,5141.097,4742.232,123.41418
Free,Linked List Allocator (Worst Fit),,1073741824,75,31.565,32.466,30.764,1.7995999
Allocate,BST Allocator,25,1073741824,75,2283.4028,2700.376,1902.283,247.64952
Allocate,BST Allocator,50,1073741824,75,4649.1504,5445.643,3896.819,488.27356
Allocate,BST Allocator,75,1073741824,75,7159.0741,8448.294,5922.636,779.15793
Free,BST Allocator,,1073741824,75,32.322232,33.171,31.542,0.67189602
Allocate,BBST Allocator,25,1073741824,75,1734.8278,2068.651,1433.692,196.08109
Allocate,BBST Allocator,50,1073741824,75,3584.9953,4214.255,2918.188,401.50371
Allocate,BBST Allocator,75,1073741824,75,5484.2537,6632.55,4283.071,678.72015
Free,BBST Allocator,,1073741824,75,34.042752,35.105,33.241,0.60436856
Allocate,Dual BBST Allocator,25,1073741824,75,45.412372,50.086,41.953,3.6286126
Allocate,Dual BBST Allocator,50,1073741824,75,46.792456,50.753,43.414,2.2528813
Allocate,Dual BBST Allocator,75,1073741824,75,47.451504,51.747,43.704,2.7887487
Free,Dual BBST Allocator,,1073741824,75,38.820104,40.697,36.717,1.7513064
Allocate,Bitmap Allocator (First Fit),25,1073741824,100,33.43466,35.534,29.286,1.7487897
Allocate,Bitmap Allocator (First Fit),50,1073741824,100,35.69256,38.37,29.039,2.6823599
Allocate,Bitmap Allocator (First Fit),75,1073741824,100,38.49198,41.621,28.749,3.907686
Free,Bitmap Allocator (First Fit),,1073741824,100,27.973296,29.372,27.21,0.98817945
Allocate,Bitmap Allocator (Next Fit),25,1073741824,100,28.839456,30.435,27.992,1.2303627
Allocate,Bitmap Allocator (Next Fit),50,1073741824,100,29.80114,30.328,28.221,13.464364
Allocate,Bitmap Allocator (Next Fit),75,1073741824,100,29.055096,30.248,28.28,0.90402639
Free,Bitmap Allocator (Next Fit),,1073741824,100,27.407428,28.483,26.797,0.6973669
Allocate,Bitmap Allocator (Best Fit),25,1073741824,100,861.66743,939.551,815.686,40.43281
Allocate,Bitmap Allocator (Best Fit),50,1073741824,100,843.95066,921.058,810.058,39.981231
Allocate,Bitmap Allocator (Best Fit),75,1073741824,100,851.43396,936.73,806.059,45.431544
Free,Bitmap Allocator (Best Fit),,1073741824,100,29.355032,30.274,28.715,0.53809791
Allocate,Bitmap Allocator (Worst Fit),25,1073741824,100,1006.7817,1092.339,965.117,46.84964
Allocate,Bitmap Allocator (Worst Fit),50,1073741824,100,996.9364,1082.531,945.147,42.695586
Allocate,Bitmap Allocator (Worst Fit),75,1073741824,100,1000.5938,1095.168,953.776,47.876712
Free,Bitmap Allocator (Worst Fit),,1073741824,100,29.741888,30.636,29.14,0.48882057
Allocate,Buddy Allocator,25,1073741824,100,247.6305,295.892,181.574,36.558523
Allocate,Buddy Allocator,50,1073741824,100,451.61464,516.426,357.228,50.11613
Allocate,Buddy Allocator,75,1073741824,100,657.95008,771.681,502.794,87.904131
Free,Buddy Allocator,,1073741824,100,31.701592,32.94,30.893,0.6079342
Allocate,Linked List Allocator (First Fit),25,1073741824,100,3553.182,4172.137,2645.103,449.41075
Allocate,Linked List Allocator (First Fit),50,1073741824,100,7528.5295,8888.443,5749.799,1008.8259
Allocate,Linked List Allocator (First Fit),75,1073741824,100,11536.272,13493.725,8593.452,1529.3155
Free,Linked List Allocator (First Fit),,1073741824,100,30.844964,32.628,29.71,1.2115126
Allocate,Linked List Allocator (Next Fit),25,1073741824,100,41.567728,44.172,39.473,1.4283323
Allocate,Linked List Allocator (Next Fit),50,1073741824,100,46.208348,50.194,43.283,4.8250139
Allocate,Linked List Allocator (Next Fit),75,1073741824,100,48.661284,53.915,44.923,2.7405926
Free,Linked List Allocator (Next Fit),,1073741824,100,31.325744,32.391,30.463,2.091564
Allocate,Linked List Allocator (Best Fit),25,1073741824,100,8205.3942,8486.48,7935.704,171.12437
Allocate,Linked List Allocator (Best Fit),50,1073741824,100,16642.509,17139.341,15910.718,380.21139
Allocate,Linked List Allocator (Best Fit),75,1073741824,100,25796.979,26601.139,24731.848,566.45401
Free,Linked List Allocator (Best Fit),,1073741824,100,30.163568,31.521,29.313,0.95921271
Allocate,Linked List Allocator (Worst Fit),25,1073741824,100,8146.8925,8377.411,7823.955,177.06647
Allocate,Linked List Allocator (Worst Fit),50,1073741824,100,16582.521,17081.767,15907.431,346.41491
Allocate,Linked List Allocator (Worst Fit),75,1073741824,100,25869.827,26662.939,24770.403,583.31773
Free,Linked List Allocator (Worst Fit),,1073741824,100,31.56726,32.811,30.728,0.75222308
Allocate,BST Allocator,25,1073741824,100,8322.7171,9541.672,6542.417,960.50407
